file_name,smell,entity_type,entity,detection,justification
(default package).txt,,package,(default package),1,"The default package depends on com.github.javaparser.quality (Preconditions) and com.packageName (ClassInPackage, InnerStaticClassFieldContainer). These external packages have no incoming dependencies from the default package, making them more stable (lower instability). The default package has high outgoing dependencies and low incoming dependencies, making it less stable. This violates the Stable Dependencies Principle as the less stable default package depends on more stable external packages."
a.txt,,package,a,1,"Package 'a' contains a cyclic dependency between RefCycleClass and RefCycleEnum (RefCycleClass imports RefCycleEnum statically, RefCycleEnum imports RefCycleClass statically). This creates mutual instability where both components depend on each other, violating the Stable Dependencies Principle."
a_b_c.txt,,package,a.b.c,1,"Package a.b.c has an outgoing dependency to d.e.f.DataObjectFactory (imported in ExampleClass), but d.e.f is not listed among the analyzed packages, making its stability unknown. Since a.b.c depends on an external package with potentially lower stability, this violates the Stable Dependencies Principle."
another.txt,,package,another,0,"The package 'another' has no outgoing dependencies to other packages, and its incoming dependencies cannot be determined from the provided information. Therefore, there is insufficient evidence to detect an Unstable Dependency smell."
bar.txt,,package,bar,1,"Package 'bar' depends on package 'foo' (via class A extends foo.A). Since 'foo' has no incoming dependencies shown and 'bar' has at least one outgoing dependency, 'foo' is more stable than 'bar'. This violates the Stable Dependencies Principle because 'bar' depends on a more stable component, making it an unstable dependency."
box.txt,,package,box,0,"Package 'box' has no outgoing dependencies to other packages (only imports from java.util.function which is part of the stable Java standard library). It has no incoming dependencies from other packages in the provided context, making it maximally stable with no dependencies on less stable components."
com_example.txt,,package,com.example,1,"The package 'com.example' depends on the less stable package 'com.google.gson' (which contains numerous classes like Gson, JsonElement, TypeAdapter, etc.). 'com.example' has high outgoing dependencies to 'com.google.gson' (many imports) and low incoming dependencies (likely only used by tests), making it less stable than 'com.google.gson'. This violates the Stable Dependencies Principle."
com_foo_base.txt,,package,com.foo.base,0,"The package has no outgoing dependencies, and only one incoming dependency from the Widget class. With zero outgoing dependencies and one incoming dependency, the package is highly stable. There are no dependencies on less stable components."
com_github_javaparser_ast_nodeTypes_modifiers.txt,,package,com.github.javaparser.ast.nodeTypes.modifiers,0,All outgoing dependencies are to more stable packages: com.github.javaparser.ast (core AST) and com.github.javaparser.ast.nodeTypes (higher-level node types). No dependencies on less stable packages exist.
com_github_javaparser_javasymbolsolver_javassist_symbols_included_jar.txt,,package,com.github.javaparser.javasymbolsolver.javassist_symbols.included_jar,0,"The package has no outgoing dependencies to other packages. It contains only two classes with no imports or references to external packages, making it maximally stable with zero afferent coupling (Ca=0) and zero efferent coupling (Ce=0)."
com_github_javaparser_javasymbolsolver_javassist_symbols_main_jar.txt,,package,com.github.javaparser.javasymbolsolver.javassist_symbols.main_jar,0,"The package has outgoing dependencies to packages 'com.github.javaparser.javasymbolsolver.javassist_symbols.included_jar' and 'com.github.javaparser.javasymbolsolver.javassist_symbols.excluded_jar', but no incoming dependencies from those packages are shown. Without data on the stability (incoming and outgoing dependencies) of the depended-upon packages, it cannot be determined if they are less stable than the current package. Therefore, an Unstable Dependency smell cannot be confirmed."
com_github_javaparser_resolution_promotion.txt,,package,com.github.javaparser.resolution.promotion,1,"The package com.github.javaparser.resolution.promotion depends on com.github.javaparser.resolution.types.ResolvedType, which is part of a larger, more stable package (com.github.javaparser.resolution.types) with multiple incoming dependencies. The dependent package has 10 classes/interfaces (ResolvedType, ResolvedPrimitiveType, ResolvedLambdaConstraintType, ResolvedReferenceType, ResolvedUnionType, ResolvedWildcard, ResolvedIntersectionType, ResolvedVoidType, ResolvedTypeTransformer, ResolvedTypeVariable, ResolvedArrayType) and is imported by multiple other packages (including com.github.javaparser.symbolsolver.javaparsermodel and com.github.javaparser.symbolsolver.resolution.promotion), indicating higher stability. The analyzed package has only one class (ConditionalExprHandler) and depends on this more stable component, violating the Stable Dependencies Principle."
com_github_javaparser_storage.txt,,package,com.github.javaparser.storage,0,"Insufficient information to assess stability. Only one class (PrimaryType) is defined in the package, and no incoming or outgoing dependencies are provided for analysis."
com_github_javaparser_symbolsolver_cache.txt,,package,com.github.javaparser.symbolsolver.cache,0,"The package depends on com.github.javaparser.resolution.cache (Cache and CacheStats interfaces) which are more stable interfaces, and com.google.common.cache.Cache which is an external stable library. It has no dependencies on less stable packages."
com_github_javaparser_symbolsolver_declarations_common.txt,,package,com.github.javaparser.symbolsolver.declarations.common,1,"The package depends on less stable packages: com.github.javaparser.resolution.types (contains 11 classes), com.github.javaparser.resolution.logic (contains 6 classes), com.github.javaparser.resolution.declarations (contains 24 classes), com.github.javaparser.resolution (contains 11 classes), com.github.javaparser.symbolsolver.core.resolution (contains 3 classes), com.github.javaparser.symbolsolver.reflectionmodel (contains 17 classes), com.github.javaparser.symbolsolver.logic (contains 3 classes). These dependent packages have significantly more classes and appear to be foundational/core packages, suggesting they are more stable (higher incoming dependencies). The analyzed package has only 1 class and depends on many larger, more stable packages, violating the Stable Dependencies Principle."
com_github_javaparser_symbolsolver_reflectionmodel_comparators.txt,,package,com.github.javaparser.symbolsolver.reflectionmodel.comparators,1,"The package has 3 outgoing dependencies to java.lang.reflect and java.util packages, but has 0 incoming dependencies from other packages. This makes it highly unstable (instability = 1.0) as it depends on external stable packages but has no dependents within the system, violating the Stable Dependencies Principle."
com_github_javaparser_testpackage.txt,,package,com.github.javaparser.testpackage,0,"The package has no outgoing dependencies, and its incoming dependencies cannot be determined from the provided information. Therefore, it cannot be concluded that it depends on less stable components."
com_github_javaparser_wiki_samples.txt,,package,com.github.javaparser.wiki_samples,0,"The package has no outgoing dependencies (Ca = 0) and at least one incoming dependency (Ce > 0), making it maximally stable. It does not depend on any less stable components."
com_google_gson_extras_examples_rawcollections.txt,,package,com.google.gson.extras.examples.rawcollections,0,"The package depends on com.google.gson package which is a stable, widely-used library with many incoming dependencies. The com.google.gson package has numerous classes and is a core library, indicating high stability. The analyzed package is a simple example utility with minimal functionality and likely has few or no incoming dependencies, making it less stable than the com.google.gson package it depends on. Therefore, the dependency direction is from less stable to more stable, which follows the Stable Dependencies Principle."
com_google_gson_internal_bind_util.txt,,package,com.google.gson.internal.bind.util,1,"The package com.google.gson.internal.bind.util has only one class ISO8601Utils which has no outgoing dependencies to other packages. However, it is being depended upon by multiple classes in the com.google.gson.internal.bind package (specifically DefaultDateTypeAdapter which imports com.google.gson.internal.bind.util.ISO8601Utils). This creates an unstable dependency where a more stable package (internal.bind.util with no outgoing dependencies) is being depended upon by a less stable package (internal.bind with many classes and dependencies), violating the Stable Dependencies Principle."
com_google_gson_protobuf.txt,,package,com.google.gson.protobuf,1,"The package com.google.gson.protobuf depends on the less stable package com.google.gson. The com.google.gson.protobuf package contains only 3 classes (ProtoTypeAdapter, ProtoTypeAdapter.EnumSerialization, ProtoTypeAdapter.Builder) which are all part of the same adapter implementation. In contrast, the com.google.gson package is a large, comprehensive JSON library with 30+ classes including core types (JsonObject, JsonArray, JsonElement), serialization interfaces (JsonSerializer, JsonDeserializer), configuration classes (Gson, GsonBuilder), and various utilities. The com.google.gson package has significantly more incoming dependencies from external code and is therefore less stable than the specialized protobuf adapter package. This violates the Stable Dependencies Principle as the more specialized package depends on a less stable, more general-purpose package."
com_google_zxing_aztec.txt,,package,com.google.zxing.aztec,1,"The package com.google.zxing.aztec depends on less stable packages. It has outgoing dependencies to com.google.zxing.common (DetectorResult, BitMatrix, DecoderResult, etc.) and com.google.zxing (Result, ResultPoint, BarcodeFormat, etc.), which are more widely used and have higher incoming dependencies. The aztec package is more specialized and has fewer incoming dependencies, making it more stable than the packages it depends on, violating the Stable Dependencies Principle."
com_google_zxing_aztec_decoder.txt,,package,com.google.zxing.aztec.decoder,1,"The package com.google.zxing.aztec.decoder depends on com.google.zxing.common.reedsolomon.ReedSolomonDecoder and com.google.zxing.common.reedsolomon.GenericGF, which are less stable components. ReedSolomonDecoder and GenericGF have no incoming dependencies from other packages, indicating they are highly unstable (instability = 1). The aztec.decoder package has incoming dependencies from com.google.zxing.aztec.AztecReader, making it more stable than the reedsolomon packages. This violates the Stable Dependencies Principle as a more stable package depends on less stable packages."
com_google_zxing_aztec_detector.txt,,package,com.google.zxing.aztec.detector,1,"The package com.google.zxing.aztec.detector depends on multiple less stable packages. It has outgoing dependencies to com.google.zxing.aztec (AztecDetectorResult), com.google.zxing.common (BitMatrix, GridSampler, MathUtils, WhiteRectangleDetector, GenericGF, ReedSolomonDecoder), com.google.zxing.common.reedsolomon (ReedSolomonException), and com.google.zxing (NotFoundException, ResultPoint). These dependent packages have higher incoming dependencies (fan-in) and are more widely used, making them more stable. The detector package has relatively low incoming dependencies (fan-in), making it less stable. According to the Stable Dependencies Principle, a less stable package should not depend on more stable packages, but here the detector package depends on more stable packages, creating an unstable dependency architecture smell."
com_google_zxing_client_android_camera.txt,,package,com.google.zxing.client.android.camera,1,"The package depends on less stable packages: com.google.zxing.client.android (contains many classes with high incoming dependencies from other parts of the application) and com.google.zxing.client.android.camera.open (has fewer incoming dependencies). The package has outgoing dependencies to these less stable packages while having relatively few incoming dependencies itself, violating the Stable Dependencies Principle."
com_google_zxing_client_android_camera_open.txt,,package,com.google.zxing.client.android.camera.open,0,"The package has 0 outgoing dependencies and 3 incoming dependencies (from com.google.zxing.client.android.camera), making it highly stable (instability = 0). It does not depend on any less stable components."
com_google_zxing_client_android_clipboard.txt,,package,com.google.zxing.client.android.clipboard,1,"The package com.google.zxing.client.android.clipboard depends on the less stable package com.google.zxing.client.android. The dependent package contains numerous classes (e.g., CaptureActivity, PreferencesActivity, Intents) that are frequently changed and have high fan-out dependencies, making it less stable. The analyzed package has only one class (ClipboardInterface) with minimal functionality, making it more stable. This violates the Stable Dependencies Principle as a more stable package depends on a less stable one."
com_google_zxing_client_android_history.txt,,package,com.google.zxing.client.android.history,1,"The package depends on less stable packages. It has outgoing dependencies to com.google.zxing (Result, BarcodeFormat) and com.google.zxing.client.android.result (ResultHandler), which are more volatile due to their broader usage and external dependencies. The package itself is relatively stable with only internal classes (HistoryItem, HistoryManager, HistoryItemAdapter, DBHelper, HistoryActivity) depending on it, but it violates the Stable Dependencies Principle by depending on less stable external packages."
com_google_zxing_client_android_result_supplement.txt,,package,com.google.zxing.client.android.result.supplement,1,"The package depends on less stable packages: com.google.zxing.client.android.history (HistoryManager) and com.google.zxing.client.android (HttpHelper, LocaleManager). These dependencies have higher incoming dependencies (wider usage) and lower outgoing dependencies, making them more stable. The analyzed package has fewer incoming dependencies and more outgoing dependencies, making it less stable. According to the Stable Dependencies Principle, a less stable package should not depend on more stable packages, but here it does, creating an unstable dependency architecture smell."
com_google_zxing_client_android_share.txt,,package,com.google.zxing.client.android.share,1,"The package depends on com.google.zxing.client.android.clipboard.ClipboardInterface, which has no incoming dependencies from other packages (only used by ShareActivity), making it less stable (more prone to change) than the share package. This violates the Stable Dependencies Principle where a package should depend only on more stable packages."
com_google_zxing_datamatrix_decoder.txt,,package,com.google.zxing.datamatrix.decoder,1,"The package depends on com.google.zxing.common.reedsolomon.ReedSolomonDecoder, which is less stable. The dependent package has 5 classes (ReedSolomonException, GenericGF, GenericGFPoly, ReedSolomonEncoder, ReedSolomonDecoder) with no incoming dependencies from other packages, indicating high instability. The analyzed package has 6 classes with incoming dependencies from com.google.zxing.datamatrix.DataMatrixReader, making it more stable than the dependent package. This violates the Stable Dependencies Principle."
com_google_zxing_integration_android.txt,,package,com.google.zxing.integration.android,1,"The package depends on Android framework classes (android.app.Activity, android.app.Fragment, android.content.Intent, etc.) which are less stable external dependencies. It also depends on com.google.zxing.client.android package (BS_PACKAGE) which is an external application package that could change independently. The package has high outgoing dependencies to less stable external components while having minimal incoming dependencies, violating the Stable Dependencies Principle."
com_google_zxing_maxicode.txt,,package,com.google.zxing.maxicode,0,"The package com.google.zxing.maxicode depends on com.google.zxing.maxicode.decoder, which is a subpackage and likely more stable due to its specialized nature. It also depends on com.google.zxing.common and other core packages which are highly stable foundational components. The dependencies appear to follow the Stable Dependencies Principle with more stable packages being depended upon."
com_google_zxing_multi_qrcode.txt,,package,com.google.zxing.multi.qrcode,0,"The package depends on more stable packages (com.google.zxing.common, com.google.zxing, com.google.zxing.multi, com.google.zxing.qrcode) which have many incoming dependencies and are foundational to the library. The analyzed package has minimal incoming dependencies and is a specialized extension, making it less stable than its dependencies."
com_google_zxing_multi_qrcode_detector.txt,,package,com.google.zxing.multi.qrcode.detector,1,"The package depends on less stable packages: com.google.zxing.qrcode.detector (Detector, FinderPatternFinder, FinderPatternInfo, FinderPattern) and com.google.zxing.common (DetectorResult, BitMatrix). These dependencies have higher incoming dependencies (wider usage) and lower outgoing dependencies, making them more stable. The analyzed package has fewer incoming dependencies and higher outgoing dependencies, making it less stable. According to the Stable Dependencies Principle, a less stable package should not depend on more stable packages, but here it does, creating an unstable dependency."
com_google_zxing_oned_rss.txt,,package,com.google.zxing.oned.rss,1,"The package com.google.zxing.oned.rss depends on less stable packages. It has outgoing dependencies to com.google.zxing.common (e.g., BitArray, BitMatrix, DetectorResult) and com.google.zxing (e.g., Result, ResultPoint, BarcodeFormat), which are more widely used and thus more stable. The incoming dependencies are minimal (only from com.google.zxing.oned.rss.expanded), indicating lower stability of com.google.zxing.oned.rss compared to its dependencies, violating the Stable Dependencies Principle."
com_google_zxing_pdf417_decoder_ec.txt,,package,com.google.zxing.pdf417.decoder.ec,1,"The package depends on com.google.zxing.pdf417.PDF417Common (imported in ModulusGF) and com.google.zxing.ChecksumException (imported in ErrorCorrection). PDF417Common is a utility class with only static constants and methods, making it highly stable (low outgoing dependencies). ChecksumException is a simple exception class with minimal dependencies, also highly stable. However, the package itself contains only three tightly coupled classes (ModulusGF, ModulusPoly, ErrorCorrection) that depend on each other and have no incoming dependencies from outside the package, making it highly unstable (low incoming dependencies, high outgoing dependencies relative to its size). According to the Stable Dependencies Principle, an unstable package should not depend on more stable packages, but here the unstable package depends on stable external packages, violating the principle."
com_google_zxing_pdf417_detector.txt,,package,com.google.zxing.pdf417.detector,0,"The package depends on com.google.zxing.common (more stable with many incoming dependencies) and com.google.zxing (more stable with many incoming dependencies). Both are more stable than the detector package, which has few incoming dependencies. The dependencies follow the Stable Dependencies Principle."
com_google_zxing_web_generator_client.txt,,package,com.google.zxing.web.generator.client,0,"The package has 0 outgoing dependencies to other packages (only internal dependencies within the same package) and 0 incoming dependencies from other packages, making it completely independent. With no external dependencies, there cannot be an unstable dependency violation."
com_packageName.txt,,package,com.packageName,0,"Package com.packageName has outgoing dependencies to the default package (through classes like PackageDotExpressions), but the default package has no incoming dependencies from other packages, making it highly unstable. However, com.packageName itself has no incoming dependencies from other packages, so its stability cannot be compared to determine if it violates the Stable Dependencies Principle."
com_service_usage.txt,,package,com.service.usage,1,"Package com.service.usage depends on com.service.definition (outgoing dependency). The dependent package has only one incoming dependency (from com.service.usage) and one outgoing dependency (to nothing shown), making it less stable than com.service.usage, which violates the Stable Dependencies Principle."
com_service_usage2.txt,,package,com.service.usage2,1,"Package com.service.usage2 depends on com.service.definition (outgoing dependency) but has no incoming dependencies itself, making it less stable than the package it depends on, violating the Stable Dependencies Principle."
demo.txt,,package,demo,1,"Package 'demo' depends on package 'com.github.javaparser.utils' which has 0 incoming dependencies and 0 outgoing dependencies (based on provided code), making it less stable than 'demo'. This violates the Stable Dependencies Principle as a package should only depend on packages that are more stable than itself."
foo.txt,,package,foo,0,"All dependencies are within the same package 'foo'. There are no outgoing dependencies to other packages, so there is no violation of the Stable Dependencies Principle."
foo_bar_differentpackage.txt,,package,foo.bar.differentpackage,1,"Package 'foo.bar.differentpackage' depends on 'foo.bar' (via imports of AnInterface and BinaryExpr). 'foo.bar' has 0 outgoing dependencies but 2 incoming dependencies (from 'foo.bar.differentpackage'), making it more stable (lower instability). 'foo.bar.differentpackage' has 2 outgoing dependencies and 0 incoming dependencies, making it less stable (higher instability). The less stable package depends on a more stable package, violating the Stable Dependencies Principle."
groovy_transform_builder.txt,,package,groovy.transform.builder,0,"The package has outgoing dependencies to more stable packages (e.g., groovy.transform.Undefined, org.codehaus.groovy.ast.*, org.codehaus.groovy.transform.*, org.objectweb.asm.Opcodes) which are foundational libraries with likely higher stability. It has no incoming dependencies from the provided context, indicating it is less stable itself, but it depends on more stable components, adhering to the Stable Dependencies Principle."
implements_duplicate.txt,,package,implements_duplicate,0,"The package has no outgoing dependencies to other packages, only internal dependencies between its own classes. Therefore, it cannot violate the Stable Dependencies Principle by depending on less stable external packages."
issue1945_interfaces.txt,,package,issue1945.implementations,1,"Package 'issue1945.implementations' depends on 'issue1945.interfaces' (outgoing dependency). 'issue1945.interfaces' has 0 outgoing dependencies and 3 incoming dependencies (from 'issue1945.implementations' and 'issue1945.main'), making it highly stable (I=3, O=0). 'issue1945.implementations' has 1 outgoing dependency and 1 incoming dependency (from 'issue1945.main'), making it less stable (I=1, O=1). Since a less stable package depends on a more stable one, this violates the Stable Dependencies Principle."
issue241.txt,,package,issue241,0,"The package has no outgoing dependencies to other packages, and only contains internal class relationships (TypeWithMemberType and its nested MemberInterface). Without any external dependencies, there cannot be a violation of the Stable Dependencies Principle."
javaparser.txt,,package,javaparser,0,"The package 'javaparser' has no outgoing dependencies to other packages; all imports are from standard Java libraries (java.util.List, java.util.Map). There are no dependencies on less stable components, so the Unstable Dependency smell is not present."
main.txt,,package,main,1,"Package 'main' has outgoing dependencies to package 'another' (via imports of 'another.A', 'another.*', 'another.MyEnum.A'), but 'another' is not defined in the provided context, implying it is external and likely less stable. This violates the Stable Dependencies Principle as 'main' depends on a less stable external package."
net_bytebuddy_benchmark_runner.txt,,package,net.bytebuddy.benchmark.runner,1,"Package depends on less stable packages: net.bytebuddy.benchmark (outgoing dependencies) has 5 incoming dependencies from this package while this package has 0 incoming dependencies, making this package more stable than its dependencies."
net_bytebuddy_benchmark_specimen.txt,,package,net.bytebuddy.benchmark.specimen,0,"The package has no outgoing dependencies (depends on no other packages) and has incoming dependencies from net.bytebuddy.benchmark package. It is more stable than the packages that depend on it, following the Stable Dependencies Principle."
org_adoptopenjdk_jitwatch_chain.txt,,package,org.adoptopenjdk.jitwatch.chain,1,"The package has 2 outgoing dependencies to less stable packages: org.adoptopenjdk.jitwatch.model (fan-in: 0, fan-out: 0) and org.adoptopenjdk.jitwatch.compilation (fan-in: 0, fan-out: 0). Both dependent packages have zero incoming dependencies (fan-in=0), making them highly unstable according to the Stable Dependencies Principle. The analyzed package depends on these unstable packages, violating the principle."
org_adoptopenjdk_jitwatch_compilation_codecache.txt,,package,org.adoptopenjdk.jitwatch.compilation.codecache,1,"The package has 2 outgoing dependencies to org.adoptopenjdk.jitwatch.model (CodeCacheEvent, Compilation, IMetaMember, IReadOnlyJITDataModel) and org.adoptopenjdk.jitwatch.compilation (AbstractCompilationWalker). It has 0 incoming dependencies from other packages. This indicates it depends on less stable components (higher outgoing dependencies, zero incoming dependencies), violating the Stable Dependencies Principle."
org_adoptopenjdk_jitwatch_demo.txt,,package,org.adoptopenjdk.jitwatch.demo,1,"Package depends on com.chrisnewland.freelogj.Logger and com.chrisnewland.freelogj.LoggerFactory which are external dependencies. These external packages are likely less stable than the demo package itself, violating the Stable Dependencies Principle where a package should only depend on more stable packages."
org_adoptopenjdk_jitwatch_histo.txt,,package,org.adoptopenjdk.jitwatch.histo,1,"The package depends on less stable packages: org.adoptopenjdk.jitwatch.compilation (AbstractCompilationVisitable), org.adoptopenjdk.jitwatch.treevisitor (TreeVisitor, ITreeVisitable), and org.adoptopenjdk.jitwatch.model (IReadOnlyJITDataModel, IParseDictionary, LogParseException, Tag, IMetaMember, Compilation). These packages have more incoming dependencies and are more likely to change, making them less stable than the histo package."
org_adoptopenjdk_jitwatch_hotthrow.txt,,package,org.adoptopenjdk.jitwatch.hotthrow,1,"The package org.adoptopenjdk.jitwatch.hotthrow depends on multiple packages that are more stable (higher incoming dependencies) such as org.adoptopenjdk.jitwatch.model, org.adoptopenjdk.jitwatch.compilation, and org.adoptopenjdk.jitwatch.model.bytecode. These dependent packages have extensive incoming dependencies from other packages in the system, making them more stable. The hotthrow package has relatively few incoming dependencies, making it less stable, yet it depends on these more stable packages, violating the Stable Dependencies Principle."
org_adoptopenjdk_jitwatch_inline.txt,,package,org.adoptopenjdk.jitwatch.inline,1,"The package depends on org.adoptopenjdk.jitwatch.model which has 25 classes, indicating high instability, while org.adoptopenjdk.jitwatch.inline has only 3 classes. The package also depends on org.adoptopenjdk.jitwatch.compilation (4 classes) and org.adoptopenjdk.jitwatch.treevisitor (1 class), both of which are less stable than the dependent package. This violates the Stable Dependencies Principle as the package depends on less stable components."
org_adoptopenjdk_jitwatch_intrinsic.txt,,package,org.adoptopenjdk.jitwatch.intrinsic,1,"The package org.adoptopenjdk.jitwatch.intrinsic has 0 incoming dependencies and 2 outgoing dependencies (to org.adoptopenjdk.jitwatch.compilation and org.adoptopenjdk.jitwatch.model). It depends on less stable packages: org.adoptopenjdk.jitwatch.compilation has 0 incoming dependencies and 4 outgoing dependencies, and org.adoptopenjdk.jitwatch.model has 0 incoming dependencies and 2 outgoing dependencies. Since the analyzed package has no incoming dependencies, it is highly unstable, but it depends on packages that are also unstable (with 0 incoming dependencies), violating the Stable Dependencies Principle."
org_adoptopenjdk_jitwatch_jarscan_allocationcount.txt,,package,org.adoptopenjdk.jitwatch.jarscan.allocationcount,1,"The package depends on org.adoptopenjdk.jitwatch.model.bytecode which has 22 classes (high incoming dependencies) and only depends on 3 classes from org.adoptopenjdk.jitwatch.jarscan.allocationcount, making it more stable. The analyzed package has 3 classes and depends on 8 classes from the model.bytecode package, violating the Stable Dependencies Principle by depending on a more stable component."
org_adoptopenjdk_jitwatch_jarscan_freqinlinesize.txt,,package,org.adoptopenjdk.jitwatch.jarscan.freqinlinesize,1,"The package depends on org.adoptopenjdk.jitwatch.model and org.adoptopenjdk.jitwatch.model.bytecode which have 0 incoming dependencies from this package, making them less stable. This violates the Stable Dependencies Principle as the package depends on less stable components."
org_adoptopenjdk_jitwatch_jarscan_invokecount.txt,,package,org.adoptopenjdk.jitwatch.jarscan.invokecount,1,"The package depends on org.adoptopenjdk.jitwatch.model.bytecode which has 22 classes and numerous dependencies, making it more stable (higher incoming dependencies). The analyzed package has only 3 classes and depends on this more stable package, violating the Stable Dependencies Principle."
org_adoptopenjdk_jitwatch_jarscan_methodsizehisto.txt,,package,org.adoptopenjdk.jitwatch.jarscan.methodsizehisto,1,"The package depends on org.adoptopenjdk.jitwatch.model and org.adoptopenjdk.jitwatch.model.bytecode packages which are much larger and more complex (containing 30+ classes each with extensive functionality). The dependent packages have high incoming dependencies from other parts of the system, making them less stable. The analyzed package has only 1 class with simple functionality, making it more stable than its dependencies, violating the Stable Dependencies Principle."
org_adoptopenjdk_jitwatch_jarscan_nextinstruction.txt,,package,org.adoptopenjdk.jitwatch.jarscan.nextinstruction,1,"The package depends on org.adoptopenjdk.jitwatch.jarscan.sequencecount.SequenceCountOperation (less stable) and org.adoptopenjdk.jitwatch.model.bytecode.Opcode (less stable). It has 2 outgoing dependencies and 0 incoming dependencies, making it more stable than its dependencies, violating the Stable Dependencies Principle."
org_adoptopenjdk_jitwatch_jarscan_sequencecount.txt,,package,org.adoptopenjdk.jitwatch.jarscan.sequencecount,1,"The package depends on org.adoptopenjdk.jitwatch.model.bytecode which has 22 classes (high incoming dependencies) while org.adoptopenjdk.jitwatch.jarscan.sequencecount has only 2 classes, making the dependency less stable according to the Stable Dependencies Principle."
org_adoptopenjdk_jitwatch_jarscan_visualiser.txt,,package,org.adoptopenjdk.jitwatch.jarscan.visualiser,1,"The package depends on org.adoptopenjdk.jitwatch.util which contains 12 utility classes (FileUtil, TimerUtil, NetUtil, DisassemblyUtil, ClassUtil, HeadlessUtil, ParseUtil, TooltipUtil, OSUtil, StringUtil, JVMSUtil, VmVersionDetector, ObservableResourceFactory, LocaleCell, UserInterfaceUtil) that are highly reusable and stable with no dependencies on the visualiser package. The visualiser package has only 1 class (HistoPlotter) and depends on this stable utility package, violating the Stable Dependencies Principle where less stable packages should not depend on more stable ones."
org_adoptopenjdk_jitwatch_logger.txt,,package,org.adoptopenjdk.jitwatch.logger,0,"Package has 3 classes (ILogListener, StdLogListener, NullLogListener) with no outgoing dependencies. It has incoming dependencies from multiple packages (org.adoptopenjdk.jitwatch.jvmlang, org.adoptopenjdk.jitwatch.process.compiler, org.adoptopenjdk.jitwatch.process.runtime, org.adoptopenjdk.jitwatch.sandbox, org.adoptopenjdk.jitwatch.ui.main). This makes it highly stable (many dependents, no dependencies), so it cannot have unstable dependency issues."
org_adoptopenjdk_jitwatch_model_assembly.txt,,package,org.adoptopenjdk.jitwatch.model.assembly,1,"The package has 8 outgoing dependencies to less stable packages (org.adoptopenjdk.jitwatch.util, org.adoptopenjdk.jitwatch.model, org.adoptopenjdk.jitwatch.model.assembly.arm, org.adoptopenjdk.jitwatch.model.assembly.x86, org.adoptopenjdk.jitwatch.parser.hotspot, org.adoptopenjdk.jitwatch.ui.triview, org.adoptopenjdk.jitwatch.ui.triview.assembly, org.adoptopenjdk.jitwatch.ui.triview.bytecode) while having only 0 incoming dependencies. This violates the Stable Dependencies Principle as it depends on packages that are less stable (higher fan-out, lower fan-in)."
org_adoptopenjdk_jitwatch_model_assembly_arm.txt,,package,org.adoptopenjdk.jitwatch.model.assembly.arm,0,"The package has 5 outgoing dependencies to more stable packages (org.adoptopenjdk.jitwatch.model.assembly, org.adoptopenjdk.jitwatch.core.JITWatchConstants, org.adoptopenjdk.jitwatch.util.StringUtil, com.chrisnewland.freelogj.Logger, com.chrisnewland.freelogj.LoggerFactory) and 1 incoming dependency from the less stable package org.adoptopenjdk.jitwatch.ui.triview.assembly. The outgoing dependencies are to packages with higher abstraction levels and broader usage, indicating they are more stable. The single incoming dependency is from a UI package which is typically less stable due to frequent changes, but this doesn't violate the Stable Dependencies Principle since dependencies flow toward stability."
org_adoptopenjdk_jitwatch_model_assembly_x86.txt,,package,org.adoptopenjdk.jitwatch.model.assembly.x86,0,"The package has 3 outgoing dependencies to org.adoptopenjdk.jitwatch.model.assembly (which contains 11 classes) and 0 incoming dependencies. The dependent package is larger and more stable, making this a stable dependency according to the Stable Dependencies Principle."
org_adoptopenjdk_jitwatch_parser_zing.txt,,package,org.adoptopenjdk.jitwatch.parser.zing,1,"The package has 2 outgoing dependencies to less stable packages: org.adoptopenjdk.jitwatch.model (depends on 21 classes) and org.adoptopenjdk.jitwatch.core (depends on 9 classes). These dependent packages have higher incoming dependencies (model: 21 classes, core: 9 classes) compared to the analyzed package's incoming dependencies (0 classes), making them less stable. This violates the Stable Dependencies Principle where a package should only depend on more stable packages."
org_adoptopenjdk_jitwatch_process_compiler.txt,,package,org.adoptopenjdk.jitwatch.process.compiler,0,"The package has 6 outgoing dependencies (to org.adoptopenjdk.jitwatch.logger and org.adoptopenjdk.jitwatch.process) and 1 incoming dependency (from org.adoptopenjdk.jitwatch.jvmlang). With more outgoing than incoming dependencies, it appears to be less stable than its dependents, following the Stable Dependencies Principle."
org_adoptopenjdk_jitwatch_process_javap.txt,,package,org.adoptopenjdk.jitwatch.process.javap,1,"The package has 2 outgoing dependencies: org.adoptopenjdk.jitwatch.process.AbstractProcess (parent package) and com.chrisnewland.freelogj.Logger (external logging library). It has 1 incoming dependency from org.adoptopenjdk.jitwatch.loader.BytecodeLoader. The package depends on AbstractProcess which is in a parent package (more stable) and an external logging library (stable), but it is depended upon by BytecodeLoader which is in a different package hierarchy. The package has low stability (few incoming dependencies, some outgoing dependencies) but depends on more stable components, so it follows the Stable Dependencies Principle."
org_adoptopenjdk_jitwatch_process_runtime.txt,,package,org.adoptopenjdk.jitwatch.process.runtime,1,"The package has 6 outgoing dependencies (imports from org.adoptopenjdk.jitwatch.logger, org.adoptopenjdk.jitwatch.process, org.adoptopenjdk.jitwatch.core, org.adoptopenjdk.jitwatch.loader, org.adoptopenjdk.jitwatch.process.compiler, and com.chrisnewland.freelogj) but only 1 incoming dependency (from org.adoptopenjdk.jitwatch.jvmlang.LanguageManager). This indicates the package is highly unstable as it depends on many other packages but has few dependents, violating the Stable Dependencies Principle where packages should depend in the direction of stability."
org_adoptopenjdk_jitwatch_report.txt,,package,org.adoptopenjdk.jitwatch.report,1,"The package has 3 outgoing dependencies (org.adoptopenjdk.jitwatch.model, org.adoptopenjdk.jitwatch.compilation, org.adoptopenjdk.jitwatch.treevisitor) and only 0 incoming dependencies. The dependent packages (especially org.adoptopenjdk.jitwatch.model with 30+ classes) are much larger and more complex, making them less stable. According to the Stable Dependencies Principle, a package should depend on more stable packages, but here org.adoptopenjdk.jitwatch.report depends on less stable packages, creating an unstable dependency architecture smell."
org_adoptopenjdk_jitwatch_report_escapeanalysis.txt,,package,org.adoptopenjdk.jitwatch.report.escapeanalysis,1,"The package depends on org.adoptopenjdk.jitwatch.report.AbstractReportBuilder which has 0 incoming dependencies (unstable) and 1 outgoing dependency, and org.adoptopenjdk.jitwatch.report.Report which has 1 incoming dependency (from escapeanalysis) and 0 outgoing dependencies (stable). Since escapeanalysis depends on less stable components (AbstractReportBuilder with 0 incoming dependencies), it violates the Stable Dependencies Principle."
org_adoptopenjdk_jitwatch_report_suggestion.txt,,package,org.adoptopenjdk.jitwatch.report.suggestion,1,"The package depends on multiple less stable packages including org.adoptopenjdk.jitwatch.model (contains many concrete classes with frequent changes), org.adoptopenjdk.jitwatch.compilation (contains specialized compilation utilities), and org.adoptopenjdk.jitwatch.util (contains utility classes with diverse responsibilities). These dependencies have higher volatility due to their broader scope and more frequent modifications compared to the specialized suggestion package, violating the Stable Dependencies Principle."
org_adoptopenjdk_jitwatch_toplist.txt,,package,org.adoptopenjdk.jitwatch.toplist,1,"The package has outgoing dependencies to less stable packages: org.adoptopenjdk.jitwatch.hotthrow (contains only 2 classes), org.adoptopenjdk.jitwatch.compilation (contains only 4 classes), org.adoptopenjdk.jitwatch.treevisitor (contains only 2 classes), org.adoptopenjdk.jitwatch.intrinsic (contains only 1 class), and org.adoptopenjdk.jitwatch.util (contains many classes but appears to be a utility package with high cohesion). These dependent packages have fewer classes and are likely less stable than the toplist package which contains 12 classes and multiple concrete implementations. The toplist package depends on these less stable packages, violating the Stable Dependencies Principle."
org_adoptopenjdk_jitwatch_treevisitor.txt,,package,org.adoptopenjdk.jitwatch.treevisitor,1,"The package org.adoptopenjdk.jitwatch.treevisitor depends on org.adoptopenjdk.jitwatch.model, which has 0 incoming dependencies from treevisitor but 28 outgoing dependencies to other packages (including treevisitor). This makes the model package highly unstable (instability = 1.0), while treevisitor has lower instability. According to the Stable Dependencies Principle, treevisitor should not depend on the less stable model package."
org_adoptopenjdk_jitwatch_ui.txt,,package,org.adoptopenjdk.jitwatch.ui,1,"The package org.adoptopenjdk.jitwatch.ui has 0 incoming dependencies and 2 outgoing dependencies (to org.adoptopenjdk.jitwatch.core.JITWatchConstants and org.adoptopenjdk.jitwatch.util.UserInterfaceUtil). The dependent package org.adoptopenjdk.jitwatch.util has 0 incoming dependencies and 0 outgoing dependencies, making it more stable (higher incoming/outgoing ratio). Since the UI package depends on a more stable package, this violates the Stable Dependencies Principle, creating an Unstable Dependency smell."
org_adoptopenjdk_jitwatch_ui_browser.txt,,package,org.adoptopenjdk.jitwatch.ui.browser,1,"The package org.adoptopenjdk.jitwatch.ui.browser has 1 outgoing dependency to org.adoptopenjdk.jitwatch.util (imports UserInterfaceUtil). The dependent package org.adoptopenjdk.jitwatch.util contains 15 classes (FileUtil, TimerUtil, NetUtil, DisassemblyUtil, ClassUtil, HeadlessUtil, ParseUtil, TooltipUtil, OSUtil, StringUtil, JVMSUtil, VmVersionDetector, ObservableResourceFactory, LocaleCell, UserInterfaceUtil) and has 0 incoming dependencies from other packages shown. The dependent package is less stable (more likely to change) due to its higher number of classes and lack of incoming dependencies, while the analyzed package depends on it, violating the Stable Dependencies Principle."
org_adoptopenjdk_jitwatch_ui_compilationchooser.txt,,package,org.adoptopenjdk.jitwatch.ui.compilationchooser,1,"The package depends on org.adoptopenjdk.jitwatch.model (Compilation, IMetaMember) and org.adoptopenjdk.jitwatch.ui.main (IMemberSelectedListener). The model package has many incoming dependencies from multiple UI packages (e.g., ui.main, ui.triview, ui.compilechain) and is therefore more stable. The UI packages have fewer incoming dependencies and more outgoing dependencies, making them less stable. Since org.adoptopenjdk.jitwatch.ui.compilationchooser depends on the more stable model package, it follows the Stable Dependencies Principle. However, it also depends on org.adoptopenjdk.jitwatch.ui.main, which is less stable (UI layer with many outgoing dependencies). This creates an unstable dependency because the package depends on a less stable component (ui.main)."
org_adoptopenjdk_jitwatch_ui_compilechain.txt,,package,org.adoptopenjdk.jitwatch.ui.compilechain,1,"The package depends on less stable packages: org.adoptopenjdk.jitwatch.ui.compilationchooser, org.adoptopenjdk.jitwatch.ui.main, org.adoptopenjdk.jitwatch.ui.resize, org.adoptopenjdk.jitwatch.util. These UI packages are more likely to change than the compilechain package, violating the Stable Dependencies Principle."
org_adoptopenjdk_jitwatch_ui_filechooser.txt,,package,org.adoptopenjdk.jitwatch.ui.filechooser,1,"The package depends on org.adoptopenjdk.jitwatch.util (FileUtil, UserInterfaceUtil) which has 0 incoming dependencies from the analyzed code, indicating it is less stable. The analyzed package has 2 outgoing dependencies to this less stable package, violating the Stable Dependencies Principle."
org_adoptopenjdk_jitwatch_ui_nmethod_compilerthread.txt,,package,org.adoptopenjdk.jitwatch.ui.nmethod.compilerthread,1,"The package depends on less stable packages. It has outgoing dependencies to org.adoptopenjdk.jitwatch.model (contains many concrete classes like Compilation, CompilerThread, IMetaMember, etc.) and org.adoptopenjdk.jitwatch.ui.main (contains JITWatchUI, which is a large UI class with many dependencies). These dependent packages are less stable because they contain many concrete implementations and are likely to change frequently. The analyzed package has no incoming dependencies, making it highly stable (stability = 1), while its dependencies have lower stability due to their own incoming dependencies. This violates the Stable Dependencies Principle where a stable package should not depend on less stable packages."
org_adoptopenjdk_jitwatch_ui_parserchooser.txt,,package,org.adoptopenjdk.jitwatch.ui.parserchooser,1,"The package has 2 outgoing dependencies (org.adoptopenjdk.jitwatch.parser.ParserType and javafx packages) and only 1 incoming dependency (from org.adoptopenjdk.jitwatch.ui.main.JITWatchUI). This creates an unstable dependency where a relatively stable UI component depends on a less stable parser component, violating the Stable Dependencies Principle."
org_adoptopenjdk_jitwatch_ui_report.txt,,package,org.adoptopenjdk.jitwatch.ui.report,1,"The package has 5 outgoing dependencies (org.adoptopenjdk.jitwatch.core, org.adoptopenjdk.jitwatch.report, org.adoptopenjdk.jitwatch.ui.main, org.adoptopenjdk.jitwatch.ui.report.cell, org.adoptopenjdk.jitwatch.util) and only 1 incoming dependency (from org.adoptopenjdk.jitwatch.ui.report.locks). The high number of outgoing dependencies compared to incoming dependencies indicates it depends on many less stable components, violating the Stable Dependencies Principle."
org_adoptopenjdk_jitwatch_ui_report_eliminatedallocation.txt,,package,org.adoptopenjdk.jitwatch.ui.report.eliminatedallocation,1,"The package depends on less stable packages: org.adoptopenjdk.jitwatch.ui.report (contains abstract classes and interfaces), org.adoptopenjdk.jitwatch.ui.report.cell (contains UI cell implementations), and javafx packages (external UI framework). These dependencies have higher volatility due to UI concerns and abstraction layers, making them less stable than the specialized eliminatedallocation package which has only 2 concrete classes."
org_adoptopenjdk_jitwatch_ui_report_locks.txt,,package,org.adoptopenjdk.jitwatch.ui.report.locks,1,"The package depends on less stable packages: org.adoptopenjdk.jitwatch.model (incoming dependencies: 0, outgoing dependencies: 4) and org.adoptopenjdk.jitwatch.report (incoming dependencies: 0, outgoing dependencies: 2). These dependencies have fewer incoming dependencies compared to the analyzed package, making them less stable according to the Stable Dependencies Principle."
org_adoptopenjdk_jitwatch_ui_report_suggestion.txt,,package,org.adoptopenjdk.jitwatch.ui.report.suggestion,1,"Package depends on less stable packages: outgoing dependencies to org.adoptopenjdk.jitwatch.ui.report (contains IReportRowBean, AbstractReportRowBean) and org.adoptopenjdk.jitwatch.ui.report.cell (contains IntegerTableCell, MemberTableCell, TextWrapTableCell, TextTableCell). These UI packages are likely less stable than the core report package (org.adoptopenjdk.jitwatch.report) that it also depends on, violating the Stable Dependencies Principle."
org_adoptopenjdk_jitwatch_ui_resize.txt,,package,org.adoptopenjdk.jitwatch.ui.resize,0,"The package has only 2 classes (RateLimitedResizeListener and IRedrawable) with no outgoing dependencies to other packages. It has incoming dependencies from multiple packages (org.adoptopenjdk.jitwatch.ui.nmethod, org.adoptopenjdk.jitwatch.ui.graphing, org.adoptopenjdk.jitwatch.ui.compilechain) that depend on its IRedrawable interface and RateLimitedResizeListener class, making it highly stable with many dependents and no dependencies."
org_adoptopenjdk_jitwatch_ui_stage.txt,,package,org.adoptopenjdk.jitwatch.ui.stage,1,"The package org.adoptopenjdk.jitwatch.ui.stage depends on org.adoptopenjdk.jitwatch.model (through imports of IMetaMember, Compilation, etc.) and org.adoptopenjdk.jitwatch.ui.main (through ICompilationChangeListener). These dependent packages contain numerous classes with complex dependencies among themselves (e.g., model classes depend on each other extensively) and have many incoming dependencies from other UI packages (e.g., ui.main, ui.sandbox, ui.report). The dependent packages appear more stable (higher incoming dependencies) compared to the analyzed package, which has fewer incoming dependencies. This violates the Stable Dependencies Principle as the less stable package (ui.stage) depends on more stable packages."
org_adoptopenjdk_jitwatch_ui_toplist.txt,,package,org.adoptopenjdk.jitwatch.ui.toplist,1,"The package org.adoptopenjdk.jitwatch.ui.toplist depends on multiple packages that are less stable. It has outgoing dependencies to org.adoptopenjdk.jitwatch.toplist (which contains many concrete implementations and abstract classes), org.adoptopenjdk.jitwatch.model (which contains numerous core model classes with high responsibility), org.adoptopenjdk.jitwatch.ui.main (which contains UI components with many dependencies), and org.adoptopenjdk.jitwatch.util (which contains utility classes). These dependent packages have more incoming dependencies and are more likely to change, making them less stable than the UI top list package, violating the Stable Dependencies Principle."
org_adoptopenjdk_jitwatch_ui_viewer.txt,,package,org.adoptopenjdk.jitwatch.ui.viewer,1,"The package has outgoing dependencies to less stable packages: org.adoptopenjdk.jitwatch.ui.main (depends on JITWatchUI) and org.adoptopenjdk.jitwatch.ui.triview (depends on Viewer). These packages have higher incoming dependencies (JITWatchUI is central UI component, Viewer is used by multiple UI components) making them more stable, while org.adoptopenjdk.jitwatch.ui.viewer has fewer incoming dependencies and depends on these more stable packages, violating the Stable Dependencies Principle."
org_apache_commons_io_file_spi.txt,,package,org.apache.commons.io.file.spi,0,"The package has 5 outgoing dependencies (java.net.URI, java.net.URL, java.nio.file.FileSystems, java.nio.file.Path, java.nio.file.spi.FileSystemProvider) which are all from stable Java standard library packages. It has no incoming dependencies from other packages in the analyzed context, making it highly stable with no dependencies on less stable components."
org_apache_commons_lang3_event.txt,,package,org.apache.commons.lang3.event,1,"The package org.apache.commons.lang3.event depends on org.apache.commons.lang3.function (via FailableConsumer in EventListenerSupport) and org.apache.commons.lang3.exception (via ExceptionUtils in EventListenerSupport). These dependent packages have many incoming dependencies (they are widely used utility packages) and are therefore more stable. The event package has fewer incoming dependencies (it's more specialized), making it less stable. According to the Stable Dependencies Principle, a less stable package should not depend on more stable packages, but here org.apache.commons.lang3.event depends on more stable packages, creating an unstable dependency architecture smell."
org_gradle_api_file.txt,,package,org.gradle.api.file,0,"Package org.gradle.api.file depends on org.gradle.api.provider.Provider, which is a stable interface with no outgoing dependencies. The analyzed package has incoming dependencies from net.bytebuddy.build.gradle package classes, indicating it is more stable than its dependents."
org_gradle_work.txt,,package,org.gradle.work,0,"Package org.gradle.work has outgoing dependencies to org.gradle.api.provider.Provider and org.gradle.api.file.Directory, which are part of the Gradle API. These dependencies are likely more stable than the Byte Buddy plugin package (net.bytebuddy.build.gradle) which depends on org.gradle.work. The Byte Buddy plugin package has extensive incoming dependencies from its own subpackages and is less stable due to its plugin nature and frequent changes. Therefore, org.gradle.work does not violate the Stable Dependencies Principle as it depends on more stable Gradle API packages."
package_b.txt,,package,package_b,0,"Cannot assess stability without data on incoming and outgoing dependencies. Only one class definition is provided, insufficient to calculate afferent/efferent coupling or instability metric."
