smell;element;designite;gpt;deepseek;qwen
God Component;org.apache.commons.lang3.concurrent.locks;0;1;0;0
God Component;org.apache.commons.io.channels;0;0;0;0
God Component;org.apache.commons.lang3.math;0;1;0;1
God Component;com.github.javaparser.printer.concretesyntaxmodel;0;0;0;0
God Component;com.google.zxing.maxicode;0;0;0;0
God Component;japa.bdd.samples;1;1;0;1
God Component;com.google.zxing.client.android.camera;0;1;0;0
God Component;com.github.javaparser.generator.core.visitor;0;0;0;0
God Component;com.google.zxing.qrcode;0;0;0;0
God Component;org.adoptopenjdk.jitwatch.ui.triview.bytecode;0;1;0;0
God Component;japa.parser.comments;0;0;0;0
God Component;net.bytebuddy.implementation.bytecode.assign;0;0;0;0
God Component;org.adoptopenjdk.jitwatch.process.runtime;0;0;0;0
God Component;demo;0;0;0;0
God Component;com.github.javaparser.symbolsolver.declarations.common;0;0;0;0
God Component;com.github.javaparser.ast.type;1;1;0;0
God Component;com.google.zxing.multi.qrcode.detector;0;0;0;0
God Component;net.bytebuddy.implementation.bytecode;1;0;0;0
God Component;org.apache.commons.io.function;1;1;0;0
God Component;com.google.zxing.client.result;1;1;0;0
God Component;com.google.zxing;0;0;0;0
God Component;issue1945.interfaces;0;0;0;0
God Component;com.example;1;1;0;0
God Component;org.adoptopenjdk.jitwatch.ui.nmethod.compilerthread;0;1;1;1
God Component;com.github.javaparser.printer.configuration;0;0;0;0
God Component;com.github.javaparser.symbolsolver.reflectionmodel;1;1;0;0
God Component;com.github.javaparser.generator.core.utils;0;0;0;0
God Component;box;0;0;0;0
God Component;org.apache.commons.io.output;1;1;1;0
God Component;org.apache.commons.lang3.mutable;0;0;0;0
God Component;com.github.javaparser.symbolsolver.resolution;1;0;0;0
God Component;another;0;0;0;0
God Component;issue1945.main;0;0;0;0
God Component;org.adoptopenjdk.jitwatch.process.javap;0;0;0;0
God Component;org.adoptopenjdk.jitwatch.jarscan.sequencecount;0;0;0;0
God Component;com.github.javaparser.symbolsolver.javaparsermodel.contexts;1;1;1;0
God Component;org.jsoup.examples;0;0;0;0
God Component;com.github.javaparser.symbolsolver.javassistmodel;1;1;0;0
God Component;com.google.googlejavaformat;1;1;0;0
God Component;org.adoptopenjdk.jitwatch.jvmlang;0;0;0;0
God Component;org.adoptopenjdk.jitwatch.hotthrow;0;0;0;0
God Component;com.google.gson.internal.reflect;0;1;0;0
God Component;com.github.javaparser.resolution.declarations;1;1;0;0
God Component;com.github.javaparser.ast.validator;1;0;0;0
God Component;com.google.zxing.client.android.wifi;0;1;0;0
God Component;com.google.zxing.client.android;1;1;0;0
God Component;com.google.zxing.oned.rss;0;0;0;0
God Component;main;1;0;0;0
God Component;org.adoptopenjdk.jitwatch.inline;0;0;0;0
God Component;com.github.javaparser.resolution.promotion;0;0;0;0
God Component;com.google.zxing.aztec.decoder;0;1;1;1
God Component;org.apache.commons.lang3.tuple;0;0;0;0
God Component;org.apache.commons.io.monitor;0;0;0;0
God Component;org.adoptopenjdk.jitwatch.ui.parserchooser;0;0;0;0
God Component;implements.duplicate;0;0;0;0
God Component;com.google.zxing.common;0;1;1;0
God Component;com.github.javaparser.printer.lexicalpreservation;1;1;1;0
God Component;org.jsoup.safety;0;1;0;0
God Component;com.google.googlejavaformat.java.javadoc;0;1;0;0
God Component;com.github.javaparser.ast.stmt;1;1;0;1
God Component;org.gradle.work;0;0;0;0
God Component;net.bytebuddy.implementation.bytecode.assign.primitive;1;1;0;0
God Component;foo;0;0;0;0
God Component;com.github.javaparser.printer;0;1;1;1
God Component;com.github.javaparser.symbolsolver;1;1;1;0
God Component;org.adoptopenjdk.jitwatch.core;0;1;1;1
God Component;org.apache.commons.io.charset;0;0;0;0
God Component;issue241;0;0;0;0
God Component;com.github.javaparser.symbolsolver.resolution.typesolvers;0;1;0;0
God Component;(default package);1;0;0;0
God Component;net.bytebuddy.dynamic.scaffold.inline;1;1;0;0
God Component;com.google.gson.internal.sql;0;0;0;0
God Component;com.google.gson;1;1;0;0
God Component;com.google.gson.reflect;0;0;1;0
God Component;org.adoptopenjdk.jitwatch.parser.zing;0;1;0;0
God Component;com.google.zxing.oned;1;1;1;0
God Component;com.google.gson.stream;0;1;0;1
God Component;com.google.gson.internal.bind;1;1;1;1
God Component;org.adoptopenjdk.jitwatch.treevisitor;0;0;0;0
God Component;org.adoptopenjdk.jitwatch.compilation;0;0;0;0
God Component;org.adoptopenjdk.jitwatch.report.locks;0;0;0;0
God Component;org.adoptopenjdk.jitwatch.ui.browser;0;0;0;0
God Component;com.github.javaparser.metamodel;1;1;1;1
God Component;com.github.javaparser.symbolsolver.cache;0;0;0;0
God Component;com.github.javaparser.quality;0;0;0;0
God Component;com.github.javaparser.symbolsolver.reflectionmodel.comparators;0;0;0;0
God Component;com.google.gson.internal;1;1;0;0
God Component;com.github.javaparser.symbolsolver.resolution.naming;0;1;0;1
God Component;com.google.zxing.client.android.result.supplement;0;0;0;0
God Component;org.adoptopenjdk.jitwatch.model.assembly.x86;0;0;0;0
God Component;org.apache.commons.lang3.compare;0;0;0;0
God Component;com.google.zxing.client.j2se;0;1;0;0
God Component;com.github.javaparser.javadoc.description;0;0;0;0
God Component;net.bytebuddy.build.gradle;1;1;0;1
God Component;org.jsoup.helper;1;1;1;1
God Component;com.google.zxing.oned.rss.expanded;0;1;1;1
God Component;com.google.zxing.qrcode.encoder;0;1;0;0
God Component;com.google.zxing.pdf417;0;0;0;0
God Component;net.bytebuddy.description.modifier;1;0;0;0
God Component;com.github.javaparser.resolution.types;0;1;0;0
Unstable Dependency;org.adoptopenjdk.jitwatch.ui.compilechain;0;0;0;0
Unstable Dependency;org.adoptopenjdk.jitwatch.jarscan.freqinlinesize;0;0;0;0
Unstable Dependency;org.adoptopenjdk.jitwatch.model.assembly;1;0;0;0
Unstable Dependency;org.adoptopenjdk.jitwatch.model.assembly.arm;0;1;0;0
Unstable Dependency;com.github.javaparser.symbolsolver.cache;0;0;0;0
Unstable Dependency;org.adoptopenjdk.jitwatch.ui.report.suggestion;0;0;0;0
Unstable Dependency;org.adoptopenjdk.jitwatch.logger;0;0;0;0
Unstable Dependency;javaparser;0;0;0;0
Unstable Dependency;foo;0;0;0;0
Unstable Dependency;org.adoptopenjdk.jitwatch.process.compiler;0;0;0;0
Unstable Dependency;org.adoptopenjdk.jitwatch.inline;0;0;1;0
Unstable Dependency;implements.duplicate;0;0;0;0
Unstable Dependency;com.google.zxing.web.generator.client;0;0;0;0
Unstable Dependency;com.google.zxing.client.android.result.supplement;0;0;0;0
Unstable Dependency;com.google.gson.extras.examples.rawcollections;0;0;0;0
Unstable Dependency;org.adoptopenjdk.jitwatch.ui.nmethod.compilerthread;0;0;0;0
Unstable Dependency;org.adoptopenjdk.jitwatch.ui.compilationchooser;1;1;0;0
Unstable Dependency;com.google.zxing.maxicode;0;0;0;0
Unstable Dependency;org.adoptopenjdk.jitwatch.report.escapeanalysis;0;0;0;0
Unstable Dependency;com.github.javaparser.ast.nodeTypes.modifiers;0;0;0;0
Unstable Dependency;org.adoptopenjdk.jitwatch.jarscan.sequencecount;0;0;0;0
Unstable Dependency;com.google.zxing.oned.rss;0;0;0;0
Unstable Dependency;org.adoptopenjdk.jitwatch.chain;0;0;0;0
Unstable Dependency;org.gradle.work;0;0;0;0
Unstable Dependency;com.google.zxing.integration.android;0;0;0;0
Unstable Dependency;demo;0;0;0;0
Unstable Dependency;com.google.zxing.datamatrix.decoder;0;0;0;0
Unstable Dependency;org.adoptopenjdk.jitwatch.jarscan.invokecount;0;0;0;0
Unstable Dependency;foo.bar.differentpackage;0;0;0;0
Unstable Dependency;org.adoptopenjdk.jitwatch.ui.browser;0;0;0;0
Unstable Dependency;org.adoptopenjdk.jitwatch.report.suggestion;0;0;1;0
Unstable Dependency;net.bytebuddy.benchmark.runner;0;0;0;0
Unstable Dependency;box;0;0;0;0
Unstable Dependency;org.adoptopenjdk.jitwatch.ui.toplist;0;1;0;1
Unstable Dependency;org.adoptopenjdk.jitwatch.intrinsic;0;0;0;0
Unstable Dependency;org.adoptopenjdk.jitwatch.parser.zing;0;0;0;0
Unstable Dependency;net.bytebuddy.benchmark.specimen;0;0;0;0
Unstable Dependency;com.google.zxing.aztec;1;1;0;1
Unstable Dependency;bar;0;0;0;0
Unstable Dependency;org.adoptopenjdk.jitwatch.ui;0;0;0;0
Unstable Dependency;com.google.zxing.multi.qrcode.detector;0;0;0;0
Unstable Dependency;com.packageName;0;0;0;0
Unstable Dependency;org.adoptopenjdk.jitwatch.ui.filechooser;0;0;0;0
Unstable Dependency;org.adoptopenjdk.jitwatch.hotthrow;0;0;0;0
Unstable Dependency;com.google.gson.internal.bind.util;0;0;0;0
Unstable Dependency;org.adoptopenjdk.jitwatch.ui.report.eliminatedallocation;0;0;0;0
Unstable Dependency;org.gradle.api.file;0;0;0;0
Unstable Dependency;org.adoptopenjdk.jitwatch.jarscan.methodsizehisto;0;0;0;0
Unstable Dependency;com.example;0;0;0;0
Unstable Dependency;package.b;0;0;0;0
Unstable Dependency;org.adoptopenjdk.jitwatch.report;1;1;1;0
Unstable Dependency;main;0;0;0;0
Unstable Dependency;com.google.zxing.client.android.share;0;0;0;0
Unstable Dependency;com.google.gson.protobuf;0;0;0;0
Unstable Dependency;com.google.zxing.aztec.detector;0;0;0;0
Unstable Dependency;org.adoptopenjdk.jitwatch.process.runtime;1;0;0;0
Unstable Dependency;org.adoptopenjdk.jitwatch.jarscan.nextinstruction;0;0;0;0
Unstable Dependency;org.adoptopenjdk.jitwatch.demo;0;0;0;0
Unstable Dependency;(default package);0;0;0;0
Unstable Dependency;org.adoptopenjdk.jitwatch.jarscan.allocationcount;0;0;0;0
Unstable Dependency;com.google.zxing.pdf417.decoder.ec;0;1;1;1
Unstable Dependency;com.github.javaparser.symbolsolver.reflectionmodel.comparators;0;0;0;0
Unstable Dependency;com.github.javaparser.javasymbolsolver.javassist.symbols.main.jar;0;0;0;0
Unstable Dependency;org.adoptopenjdk.jitwatch.ui.stage;1;1;1;1
Unstable Dependency;com.service.usage2;0;0;0;0
Unstable Dependency;com.foo.base;0;0;0;0
Unstable Dependency;org.adoptopenjdk.jitwatch.ui.report.locks;0;0;0;0
Unstable Dependency;org.adoptopenjdk.jitwatch.jarscan.visualiser;0;0;0;0
Unstable Dependency;com.github.javaparser.testpackage;0;0;0;0
Unstable Dependency;com.service.usage;0;0;0;0
Unstable Dependency;org.apache.commons.io.file.spi;0;0;0;0
Unstable Dependency;com.google.zxing.aztec.decoder;0;0;0;1
Unstable Dependency;another;0;0;0;0
Unstable Dependency;org.adoptopenjdk.jitwatch.ui.report;0;0;0;1
Unstable Dependency;groovy.transform.builder;0;0;0;0
Unstable Dependency;com.github.javaparser.javasymbolsolver.javassist.symbols.included.jar;0;0;0;0
Unstable Dependency;org.adoptopenjdk.jitwatch.compilation.codecache;0;0;1;1
Unstable Dependency;issue1945.interfaces;0;0;0;0
Unstable Dependency;com.google.zxing.client.android.history;1;0;0;0
Unstable Dependency;com.github.javaparser.wiki.samples;0;0;0;0
Unstable Dependency;com.google.zxing.client.android.clipboard;0;0;0;0
Unstable Dependency;org.adoptopenjdk.jitwatch.ui.resize;0;0;0;0
Unstable Dependency;com.github.javaparser.resolution.promotion;0;0;0;0
Unstable Dependency;org.adoptopenjdk.jitwatch.ui.viewer;0;0;0;1
Unstable Dependency;a.b.c;0;0;0;0
Unstable Dependency;com.github.javaparser.storage;0;0;0;0
Unstable Dependency;org.adoptopenjdk.jitwatch.treevisitor;0;0;0;0
Unstable Dependency;org.apache.commons.lang3.event;0;0;0;0
Unstable Dependency;com.google.zxing.multi.qrcode;0;0;0;0
Unstable Dependency;org.adoptopenjdk.jitwatch.ui.parserchooser;1;0;0;0
Unstable Dependency;org.adoptopenjdk.jitwatch.histo;0;0;1;0
Unstable Dependency;org.adoptopenjdk.jitwatch.toplist;1;0;0;0
Unstable Dependency;org.adoptopenjdk.jitwatch.model.assembly.x86;0;1;0;0
Unstable Dependency;com.github.javaparser.symbolsolver.declarations.common;0;0;0;0
Unstable Dependency;org.adoptopenjdk.jitwatch.process.javap;1;0;0;1
Unstable Dependency;com.google.zxing.client.android.camera;0;0;0;1
Unstable Dependency;com.google.zxing.pdf417.detector;0;0;0;0
Unstable Dependency;a;0;0;0;0
Unstable Dependency;issue241;0;0;0;0
Unstable Dependency;com.google.zxing.client.android.camera.open;0;0;0;0
Insufficient Modularization;com.github.javaparser.symbolsolver.javaparsermodel.contexts;0;1;0;0
Insufficient Modularization;net.bytebuddy.dynamic.DynamicType;0;0;1;0
Insufficient Modularization;com.packageName;0;0;0;0
Insufficient Modularization;net.bytebuddy.description.type.TypeList;0;0;0;0
Insufficient Modularization;net.bytebuddy.description.type.RecordComponentDescription;0;0;0;0
Insufficient Modularization;org.apache.commons.io;1;1;1;1
Insufficient Modularization;net.bytebuddy.implementation.bind.MethodDelegationBinder;0;0;1;0
Insufficient Modularization;com.google.zxing;0;0;0;0
Insufficient Modularization;net.bytebuddy.dynamic.scaffold.inline;0;1;1;1
Insufficient Modularization;net.bytebuddy.implementation.bytecode.assign.primitive.PrimitiveUnboxingDelegate;0;0;0;0
Insufficient Modularization;(default package);0;0;0;0
Insufficient Modularization;net.bytebuddy;0;1;1;0
Insufficient Modularization;net.bytebuddy.implementation.MethodCall;0;0;0;0
Insufficient Modularization;org.apache.commons.io.input;0;1;0;0
Insufficient Modularization;net.bytebuddy.dynamic.scaffold;0;1;0;0
Insufficient Modularization;org.apache.commons.io.input.ObservableInputStream;0;0;0;0
Insufficient Modularization;demo.Main;0;0;0;0
Insufficient Modularization;com.google.zxing.oned;0;1;1;1
Insufficient Modularization;org.apache.commons.io.output;0;1;1;0
Insufficient Modularization;net.bytebuddy.implementation.ToStringMethod;0;0;0;0
Insufficient Modularization;net.bytebuddy.dynamic.NexusAccessor;0;0;1;0
Insufficient Modularization;com.google.common.jimfs.BasicAttributeProvider;0;0;0;0
Insufficient Modularization;com.google.zxing.qrcode.decoder;0;1;1;1
Insufficient Modularization;org.apache.commons.io.file;0;1;1;1
Insufficient Modularization;com.google.gson.internal.bind.CollectionTypeAdapterFactory;0;0;0;0
Insufficient Modularization;org.apache.commons.lang3.compare;0;0;1;0
Insufficient Modularization;com.google.zxing.client.android;0;1;1;0
Insufficient Modularization;org.apache.commons.lang3.concurrent;0;0;0;0
Insufficient Modularization;net.bytebuddy.asm.AsmVisitorWrapper;0;0;0;0
Insufficient Modularization;org.adoptopenjdk.jitwatch.toplist;0;0;0;0
Insufficient Modularization;net.bytebuddy.description.modifier;0;0;0;0
Insufficient Modularization;net.bytebuddy.description.method.ParameterList;0;0;0;0
Insufficient Modularization;net.bytebuddy.benchmark.jmh.generated.SuperClassInvocationBenchmark.benchmarkByteBuddyWithPrefix;0;1;1;0
Insufficient Modularization;com.google.zxing.oned.rss.expanded.decoders;0;0;0;0
Insufficient Modularization;com.github.javaparser.symbolsolver.utils;0;0;0;0
Insufficient Modularization;org.apache.commons.lang3.event;0;0;1;0
Insufficient Modularization;org.apache.commons.lang3.Strings;0;0;0;0
Insufficient Modularization;com.google.zxing.web;0;1;0;0
Insufficient Modularization;net.bytebuddy.asm.MemberSubstitution;0;1;1;1
Insufficient Modularization;net.bytebuddy.implementation.bytecode.member;0;0;0;0
Insufficient Modularization;net.bytebuddy.description.method.ParameterList;0;0;0;0
Insufficient Modularization;com.github.javaparser.utils;0;0;0;0
Insufficient Modularization;org.gradle.api.tasks;0;0;0;0
Insufficient Modularization;org.apache.commons.io.input;0;0;0;0
Insufficient Modularization;net.bytebuddy.implementation.auxiliary.TypeProxy;0;0;1;0
Insufficient Modularization;org.jsoup.helper.AuthenticationHandler;0;0;0;0
Insufficient Modularization;net.bytebuddy.implementation.InvokeDynamic;0;0;0;0
Insufficient Modularization;com.github.javaparser.resolution.logic;0;1;0;1
Insufficient Modularization;com.github.javaparser.ast.modules;1;1;0;0
Insufficient Modularization;net.bytebuddy.matcher.LatentMatcher;0;0;0;0
Insufficient Modularization;net.bytebuddy.dynamic.DynamicType;0;0;0;0
Insufficient Modularization;net.bytebuddy.implementation.auxiliary.TypeProxy;0;1;0;0
Insufficient Modularization;com.google.googlejavaformat.java.JavacTokens;0;0;0;0
Insufficient Modularization;com.github.javaparser.ast.body;1;1;1;1
Insufficient Modularization;org.apache.commons.lang3.concurrent.EventCountCircuitBreaker;0;0;0;0
Insufficient Modularization;net.bytebuddy.description.annotation.AnnotationValue;0;1;1;1
Insufficient Modularization;net.bytebuddy.utility.GraalImageCode;0;0;0;0
Insufficient Modularization;net.bytebuddy.asm.MemberSubstitution;0;0;0;0
Insufficient Modularization;net.bytebuddy.pool.TypePool;0;1;1;0
Insufficient Modularization;net.bytebuddy.build.AccessControllerPlugin;0;0;1;0
Insufficient Modularization;net.bytebuddy.pool.TypePool;0;0;0;0
Insufficient Modularization;org.apache.commons.lang3.mutable;0;0;0;0
Insufficient Modularization;net.bytebuddy.build.gradle;0;0;0;0
Insufficient Modularization;net.bytebuddy.build.Plugin;0;0;0;0
Insufficient Modularization;net.bytebuddy.description.TypeVariableSource;0;0;0;0
Insufficient Modularization;org.adoptopenjdk.jitwatch.model.assembly;0;1;1;1
Insufficient Modularization;org.tensorflow.op;1;1;1;1
Insufficient Modularization;net.bytebuddy.build.AccessControllerPlugin;0;0;0;0
Insufficient Modularization;net.bytebuddy.agent.ByteBuddyAgent;0;0;1;0
Insufficient Modularization;net.bytebuddy.dynamic.scaffold.TypeWriter;0;1;1;1
Insufficient Modularization;net.bytebuddy.implementation.auxiliary.TypeProxy;0;0;0;0
Insufficient Modularization;com.google.zxing.client.android.encode.MECARDContactEncoder;0;0;0;0
Insufficient Modularization;org.apache.commons.lang3.text.StrBuilder;0;0;0;0
Insufficient Modularization;com.github.javaparser.symbolsolver.resolution.typeinference;1;1;1;1
Insufficient Modularization;net.bytebuddy.pool.TypePool;0;1;1;1
Insufficient Modularization;com.github.javaparser.metamodel;0;0;0;0
Insufficient Modularization;org.jsoup.safety;0;0;1;1
Insufficient Modularization;net.bytebuddy.implementation.bytecode.member.FieldAccess;0;0;0;0
Insufficient Modularization;a.b.c;0;0;0;0
Insufficient Modularization;net.bytebuddy.description.type;0;0;0;0
Insufficient Modularization;net.bytebuddy.pool.TypePool;0;1;1;1
Insufficient Modularization;net.bytebuddy.agent.ByteBuddyAgent;0;0;1;0
Insufficient Modularization;net.bytebuddy.dynamic.ClassFileLocator;0;0;0;0
Insufficient Modularization;com.github.javaparser.metamodel;0;0;0;0
Insufficient Modularization;net.bytebuddy.implementation.bytecode.constant;0;0;0;0
Insufficient Modularization;net.bytebuddy.agent.VirtualMachine;0;1;1;1
Insufficient Modularization;org.apache.commons.lang3.exception;0;0;0;0
Insufficient Modularization;com.google.zxing.datamatrix.encoder;0;1;1;1
Insufficient Modularization;com.google.gson;0;0;0;0
Insufficient Modularization;org.apache.commons.io.file.CountingPathVisitor;0;0;0;0
Insufficient Modularization;net.bytebuddy.description.field.FieldDescription;0;0;0;0
Insufficient Modularization;net.bytebuddy.asm.MemberSubstitution;0;0;0;0
Insufficient Modularization;com.github.javaparser.printer;0;0;0;0
Insufficient Modularization;com.github.javaparser.metamodel;0;0;0;0
Insufficient Modularization;com.google.zxing.common;0;1;1;0
Insufficient Modularization;com.google.common.jimfs.UserLookupService;0;0;0;0
Insufficient Modularization;com.google.zxing.pdf417.decoder;0;0;0;0
Insufficient Modularization;net.bytebuddy.implementation.attribute.AnnotationAppender;0;0;0;0
Insufficient Modularization;com.google.zxing.common.reedsolomon;0;0;0;0
Insufficient Modularization;net.bytebuddy.dynamic;0;1;1;0
Insufficient Modularization;com.google.zxing.oned.rss.expanded.decoders.FieldParser;0;0;0;0
Insufficient Modularization;net.bytebuddy.description.method.MethodDescription;0;1;1;0
Insufficient Modularization;net.bytebuddy.implementation.bytecode.constant.MethodConstant;0;0;0;0
Insufficient Modularization;net.bytebuddy.implementation.Implementation;0;0;0;0
Insufficient Modularization;net.bytebuddy.description.method.MethodDescription;0;0;1;0
Insufficient Modularization;org.jsoup.helper;0;0;0;0
Insufficient Modularization;com.github.javaparser.ast.visitor;1;1;1;1
Insufficient Modularization;com.github.javaparser.ast.Node;0;0;0;0
Insufficient Modularization;com.github.javaparser.javadoc.JavadocBlockTag;0;0;0;0
Insufficient Modularization;org.adoptopenjdk.jitwatch.ui.report;0;0;0;0
Insufficient Modularization;net.bytebuddy.description.type.TypeDescription;0;0;0;0
Insufficient Modularization;com.github.javaparser.resolution.logic;1;1;1;1
Insufficient Modularization;org.apache.commons.io.output;0;1;0;0
Insufficient Modularization;com.github.javaparser.symbolsolver.javassistmodel;1;0;0;0
Insufficient Modularization;net.bytebuddy.dynamic.loading.ClassLoadingStrategy;0;0;0;0
Insufficient Modularization;org.adoptopenjdk.jitwatch.ui.nmethod;0;0;1;1
Insufficient Modularization;com.google.zxing.qrcode.decoder;0;0;0;0
Insufficient Modularization;net.bytebuddy.dynamic.scaffold.MethodGraph;0;0;0;0
Insufficient Modularization;com.github.javaparser.symbolsolver.javaparsermodel.declarations;1;1;1;1
Insufficient Modularization;org.apache.commons.lang3.Strings;0;0;0;0
Insufficient Modularization;net.bytebuddy.build.gradle.android.ByteBuddyAndroidPlugin;0;0;0;0
Insufficient Modularization;com.google.zxing;0;0;0;0
Insufficient Modularization;net.bytebuddy.asm.MemberRemoval;0;0;0;0
Insufficient Modularization;org.jsoup.helper;0;1;0;0
Insufficient Modularization;net.bytebuddy.dynamic.scaffold.TypeWriter;0;1;0;0
Insufficient Modularization;com.github.javaparser.symbolsolver.javaparsermodel.contexts;0;0;0;0
Insufficient Modularization;net.bytebuddy.utility.dispatcher.JavaDispatcher;0;0;1;0
Insufficient Modularization;com.github.javaparser.ast.type;1;1;1;1
Insufficient Modularization;net.bytebuddy.utility.AsmClassWriter;0;0;1;0
Insufficient Modularization;org.apache.commons.lang3.mutable;1;0;1;0
Insufficient Modularization;net.bytebuddy.utility.privilege;0;0;0;0
Insufficient Modularization;net.bytebuddy.agent.ByteBuddyAgent;0;1;1;0
Insufficient Modularization;net.bytebuddy.build.Plugin;0;1;1;1
Insufficient Modularization;net.bytebuddy.utility;0;1;0;0
Insufficient Modularization;com.github.javaparser.javasymbolsolver.javassist.symbols.main.jar;0;0;0;0
Insufficient Modularization;net.bytebuddy.build.maven;0;0;0;0
Insufficient Modularization;net.bytebuddy.implementation.attribute;0;0;1;0
Insufficient Modularization;main.Clazz;0;0;0;0
Insufficient Modularization;net.bytebuddy.asm.MemberSubstitution;0;1;1;0
Insufficient Modularization;net.bytebuddy.implementation.Implementation;0;0;1;0
Insufficient Modularization;com.github.javaparser.printer.lexicalpreservation.ReshuffledDiffElementExtractor;0;0;0;0
Insufficient Modularization;net.bytebuddy.build.HashCodeAndEqualsPlugin;0;0;0;0
Insufficient Modularization;org.adoptopenjdk.jitwatch.ui.Dialogs;0;0;0;0
Insufficient Modularization;org.apache.commons.lang3.exception;0;0;0;0
Insufficient Modularization;com.github.javaparser.metamodel;0;0;0;0
Insufficient Modularization;com.google.zxing.datamatrix.decoder;0;0;0;0
Insufficient Modularization;net.bytebuddy.description.modifier;0;1;1;0
Insufficient Modularization;net.bytebuddy.description.method.MethodDescription;0;0;0;0
Insufficient Modularization;net.bytebuddy.utility.dispatcher.JavaDispatcher;0;0;0;0
Insufficient Modularization;org.adoptopenjdk.jitwatch.parser;0;0;0;0
Insufficient Modularization;org.apache.commons.io.output;0;1;1;0
Insufficient Modularization;org.adoptopenjdk.jitwatch.util;1;1;1;1
Insufficient Modularization;com.github.javaparser;1;0;0;0
Insufficient Modularization;com.google.googlejavaformat.java;0;1;1;1
Insufficient Modularization;net.bytebuddy.dynamic.loading;0;1;1;1
Insufficient Modularization;org.apache.commons.io.monitor;0;0;0;0
Insufficient Modularization;com.github.javaparser.ast.validator.postprocessors;0;0;0;0
Insufficient Modularization;org.apache.commons.io.output.FileWriterWithEncoding;0;0;0;0
Insufficient Modularization;org.apache.commons.lang3.time.FastDateParser;0;1;0;0
Insufficient Modularization;org.apache.commons.lang3.time;1;1;1;1
Insufficient Modularization;com.github.javaparser.ast.validator.language.level.validations;0;0;0;0
Insufficient Modularization;com.google.zxing.client.result;0;0;0;0
Insufficient Modularization;com.google.zxing.common;1;1;1;1
Insufficient Modularization;net.bytebuddy.asm.MemberSubstitution;0;1;1;0
Insufficient Modularization;com.github.javaparser.utils.Log;0;0;0;0
Insufficient Modularization;com.google.gson.internal;0;0;0;0
Insufficient Modularization;net.bytebuddy.pool.TypePool;0;0;0;0
Insufficient Modularization;org.adoptopenjdk.jitwatch.process.compiler;0;0;0;0
Insufficient Modularization;(default package).InnerClassDotExpressions;0;0;0;0
Insufficient Modularization;com.google.zxing.client.j2se;0;0;0;0
Insufficient Modularization;net.bytebuddy.description.type;0;0;0;0
Insufficient Modularization;net.bytebuddy.agent.VirtualMachine;0;0;0;0
Insufficient Modularization;net.bytebuddy.dynamic.scaffold.TypeWriter;0;0;0;0
Insufficient Modularization;org.gradle.api.file;0;0;0;0
Insufficient Modularization;com.google.common.jimfs;0;1;1;0
Insufficient Modularization;org.apache.commons.io.DirectoryWalker;0;0;0;0
Insufficient Modularization;com.google.gson;0;0;0;0
Insufficient Modularization;com.google.zxing.client.android.HttpHelper;0;0;0;0
Insufficient Modularization;net.bytebuddy.benchmark.jmh.generated.ClassByImplementationBenchmark.benchmarkJavassist;0;1;1;0
Insufficient Modularization;org.adoptopenjdk.jitwatch.parser.zing;1;1;1;1
Insufficient Modularization;org.apache.commons.io;0;0;0;0
Insufficient Modularization;net.bytebuddy.NamingStrategy;0;0;0;0
Insufficient Modularization;net.bytebuddy.dynamic.scaffold.TypeWriter;0;1;1;0
Insufficient Modularization;net.bytebuddy.build.AccessControllerPlugin;0;0;1;0
Insufficient Modularization;org.jsoup.nodes;0;1;1;1
Insufficient Modularization;net.bytebuddy.implementation.LoadedTypeInitializer;0;0;0;0
Insufficient Modularization;net.bytebuddy.implementation.bind.MethodDelegationBinder;0;0;1;0
Insufficient Modularization;com.github.javaparser.serialization;0;0;1;1
Insufficient Modularization;net.bytebuddy.pool.TypePool;0;1;1;0
Insufficient Modularization;net.bytebuddy.matcher;0;0;0;0
Insufficient Modularization;org.jsoup.select.Evaluator;0;0;0;0
Insufficient Modularization;org.apache.commons.lang3;1;1;1;1
Insufficient Modularization;net.bytebuddy.benchmark.ClassByExtensionBenchmark;0;0;0;0
Insufficient Modularization;com.github.javaparser.printer.lexicalpreservation.TextElementIteratorsFactory;0;0;0;0
Insufficient Modularization;com.github.javaparser.symbolsolver.resolution.typeinference;0;0;0;0
Insufficient Modularization;com.google.zxing.client.android.history;0;0;0;0
Insufficient Modularization;net.bytebuddy.agent.VirtualMachine;0;0;0;0
Insufficient Modularization;org.jsoup.select.Evaluator;0;0;0;0
Insufficient Modularization;net.bytebuddy.build.gradle.AbstractByteBuddyTask;0;0;0;0
Insufficient Modularization;net.bytebuddy.implementation.bytecode;0;0;0;0
Insufficient Modularization;net.bytebuddy.dynamic.ClassFileLocator;0;0;0;0
Insufficient Modularization;net.bytebuddy.implementation.bytecode.member;0;0;0;0
Insufficient Modularization;net.bytebuddy.implementation.attribute.MethodAttributeAppender;0;0;0;0
Insufficient Modularization;com.github.javaparser.ast.visitor;1;1;1;1
Insufficient Modularization;net.bytebuddy.build.maven.ByteBuddyMojo;0;0;0;0
Insufficient Modularization;com.github.javaparser.metamodel;0;0;0;0
Insufficient Modularization;org.apache.commons.io.file;0;0;0;0
Insufficient Modularization;org.apache.commons.io.input;0;0;0;0
Insufficient Modularization;net.bytebuddy.implementation;0;0;0;0
Insufficient Modularization;org.apache.commons.io.comparator;0;0;0;0
Insufficient Modularization;net.bytebuddy.description.ModifierReviewable;0;0;0;0
Insufficient Modularization;(default package).PolymorphismTest;0;0;0;0
Insufficient Modularization;org.apache.commons.lang3;0;0;0;0
Insufficient Modularization;com.github.javaparser.ast.expr;0;1;0;0
Insufficient Modularization;com.google.common.jimfs.Configuration;0;0;0;0
Insufficient Modularization;net.bytebuddy.implementation.MethodDelegation;0;0;1;0
Insufficient Modularization;net.bytebuddy.benchmark.jmh.generated.SuperClassInvocationBenchmark.benchmarkByteBuddyWithProxy;0;1;1;0
Insufficient Modularization;net.bytebuddy.implementation.bytecode;0;0;0;0
Insufficient Modularization;net.bytebuddy.dynamic.scaffold.TypeWriter;0;1;0;0
Insufficient Modularization;com.github.javaparser.symbolsolver;0;1;1;1
Insufficient Modularization;issue241.TypeWithMemberType;0;0;0;0
Insufficient Modularization;com.google.common.jimfs;1;1;1;1
Insufficient Modularization;com.github.javaparser.utils.VisitorList;0;0;0;0
Insufficient Modularization;net.bytebuddy.implementation.InvokeDynamic;0;0;0;0
Insufficient Modularization;net.bytebuddy.dynamic.scaffold.MethodGraph;0;0;0;0
Insufficient Modularization;net.bytebuddy.pool.TypePool;0;0;0;0
Insufficient Modularization;(default package);0;0;0;0
Insufficient Modularization;org.apache.commons.io.input;0;0;1;0
Insufficient Modularization;org.adoptopenjdk.jitwatch.ui.main;0;0;1;1
Insufficient Modularization;com.github.javaparser.symbolsolver.resolution.typeinference;0;1;1;1
Insufficient Modularization;org.apache.commons.lang3.concurrent;0;1;0;0
Insufficient Modularization;org.apache.commons.lang3.text;0;0;0;0
Insufficient Modularization;com.google.common.jimfs;1;1;1;1
Insufficient Modularization;net.bytebuddy.dynamic.ClassFileLocator;0;0;0;0
Insufficient Modularization;net.bytebuddy.description.type.PackageDescription;0;0;0;0
Insufficient Modularization;org.jsoup.select.Evaluator;0;0;0;0
Insufficient Modularization;com.google.googlejavaformat.java.DimensionHelpers;0;0;0;0
Insufficient Modularization;com.github.javaparser.JavaToken;0;1;0;0
Insufficient Modularization;net.bytebuddy.agent.VirtualMachine;0;0;0;0
Insufficient Modularization;org.apache.commons.io.input;0;0;0;0
Insufficient Modularization;net.bytebuddy.description.type.TypeDescription;0;0;1;0
Insufficient Modularization;com.google.common.jimfs;0;0;0;0
Insufficient Modularization;com.github.javaparser.symbolsolver.cache;0;0;0;0
Insufficient Modularization;com.github.javaparser.symbolsolver.core.resolution;0;0;0;0
Insufficient Modularization;org.apache.commons.io;1;1;1;1
Insufficient Modularization;net.bytebuddy.implementation.bind.annotation.Binder;0;0;0;0
Insufficient Modularization;net.bytebuddy.description.type.TypeDescription;0;0;0;0
Insufficient Modularization;com.github.javaparser.metamodel;0;0;0;0
Insufficient Modularization;com.google.zxing.datamatrix.decoder.Version;0;0;0;0
Insufficient Modularization;com.github.javaparser.resolution;0;0;0;0
Insufficient Modularization;net.bytebuddy.dynamic.ClassFileLocator;0;0;0;0
Insufficient Modularization;com.github.javaparser.ast.validator.language.level.validations.chunks;0;0;0;0
Insufficient Modularization;net.bytebuddy.pool.TypePool;0;0;0;0
Insufficient Modularization;net.bytebuddy.implementation.FieldAccessor;0;0;0;0
Insufficient Modularization;net.bytebuddy.dynamic.scaffold.TypeWriter;0;1;1;1
Insufficient Modularization;com.google.gson;0;0;0;0
Insufficient Modularization;org.apache.commons.io.output.AbstractByteArrayOutputStream;0;0;0;0
Insufficient Modularization;net.bytebuddy.description.modifier.ModifierContributor;0;0;0;0
Insufficient Modularization;org.jsoup.helper;0;1;1;0
Insufficient Modularization;org.apache.commons.io.input;0;1;0;0
Insufficient Modularization;net.bytebuddy.asm.MemberSubstitution;0;0;0;0
Insufficient Modularization;net.bytebuddy.description.modifier;0;0;1;0
Insufficient Modularization;com.github.javaparser.resolution;1;0;1;1
Insufficient Modularization;org.apache.commons.lang3.builder;1;1;1;1
Insufficient Modularization;net.bytebuddy.implementation.bind.annotation.TargetMethodAnnotationDrivenBinder;0;1;0;0
Insufficient Modularization;net.bytebuddy.description.TypeVariableSource;0;0;0;0
Insufficient Modularization;com.github.javaparser;1;1;1;1
Insufficient Modularization;com.google.gson.internal;0;1;1;0
Insufficient Modularization;net.bytebuddy.implementation.bytecode;0;0;0;0
Insufficient Modularization;net.bytebuddy.implementation.attribute.MethodAttributeAppender;0;0;0;0
Insufficient Modularization;com.github.javaparser.ast.stmt;0;1;1;0
Insufficient Modularization;com.github.javaparser.ast.type;1;1;1;1
Insufficient Modularization;org.jsoup.parser;0;0;0;0
Insufficient Modularization;org.apache.commons.io.input.QueueInputStream;0;0;0;0
Insufficient Modularization;com.google.common.jimfs.FileFactory;0;0;0;0
Insufficient Modularization;net.bytebuddy.dynamic.loading;0;0;0;0
Insufficient Modularization;net.bytebuddy.implementation.auxiliary.TypeProxy;0;0;1;0
Insufficient Modularization;com.google.zxing.oned.rss.expanded.decoders;1;1;1;1
Insufficient Modularization;net.bytebuddy.build.Plugin;0;0;0;0
Insufficient Modularization;com.github.javaparser.ast.visitor;1;1;1;1
Insufficient Modularization;org.adoptopenjdk.jitwatch.ui.viewer;0;0;0;0
Insufficient Modularization;org.apache.commons.lang3.text;0;1;1;1
Insufficient Modularization;com.google.zxing.client.android.encode;0;0;0;0
Insufficient Modularization;com.github.javaparser.printer.concretesyntaxmodel;0;1;0;0
Insufficient Modularization;org.apache.commons.lang3;0;1;1;0
Insufficient Modularization;org.adoptopenjdk.jitwatch.ui.Dialogs;0;0;0;0
Insufficient Modularization;net.bytebuddy.dynamic.scaffold.inline.MethodRebaseResolver;0;0;1;0
Insufficient Modularization;org.apache.commons.lang3;1;1;1;1
Insufficient Modularization;net.bytebuddy.build.gradle.android.ByteBuddyAndroidPlugin;0;0;0;0
Insufficient Modularization;net.bytebuddy.asm.MemberSubstitution;0;1;1;0
Insufficient Modularization;com.github.javaparser.serialization.JavaParserJsonSerializer;0;0;0;0
Insufficient Modularization;net.bytebuddy.description.ModifierReviewable;0;0;0;0
Insufficient Modularization;net.bytebuddy.pool.TypePool;0;0;0;0
Insufficient Modularization;net.bytebuddy.description.type.TypeDescription;0;0;1;0
Insufficient Modularization;com.google.zxing.client.result;0;1;1;1
Insufficient Modularization;net.bytebuddy.dynamic.DynamicType;0;1;1;1
Insufficient Modularization;org.apache.commons.lang3.tuple;0;0;0;0
Insufficient Modularization;org.apache.commons.lang3.time.StopWatch;0;0;0;0
Insufficient Modularization;com.google.googlejavaformat.Newlines;0;0;0;0
Insufficient Modularization;org.apache.commons.lang3.function;0;0;0;0
Insufficient Modularization;net.bytebuddy.matcher;0;0;0;0
Insufficient Modularization;com.github.javaparser.symbolsolver.javaparsermodel.contexts;0;0;0;0
Insufficient Modularization;org.apache.commons.lang3.ThreadUtils;0;0;0;0
Insufficient Modularization;org.jsoup.Connection;0;0;0;0
Insufficient Modularization;net.bytebuddy.dynamic.loading.ClassInjector;0;1;1;1
Insufficient Modularization;foo;0;0;0;0
Insufficient Modularization;com.github.javaparser;1;1;1;1
Insufficient Modularization;net.bytebuddy.build.CachedReturnPlugin;0;1;1;0
Insufficient Modularization;com.google.gson;1;1;1;1
Insufficient Modularization;net.bytebuddy.build.gradle.android;0;1;1;1
Insufficient Modularization;com.google.zxing.aztec.encoder;0;0;0;0
Insufficient Modularization;net.bytebuddy.build.gradle.android;1;1;0;1
Insufficient Modularization;org.apache.commons.io.filefilter;0;0;0;0
Insufficient Modularization;org.apache.commons.io.file.SimplePathVisitor;0;0;0;0
Insufficient Modularization;net.bytebuddy.asm.MemberSubstitution;0;1;1;0
Insufficient Modularization;net.bytebuddy.dynamic.scaffold.FieldRegistry;0;0;1;0
Insufficient Modularization;org.apache.commons.io.file.Counters;0;0;0;0
Insufficient Modularization;net.bytebuddy.description.ByteCodeElement;0;0;0;0
Insufficient Modularization;net.bytebuddy.build.Plugin;0;0;0;0
Insufficient Modularization;com.google.zxing.client.j2se;0;0;0;0
Insufficient Modularization;com.google.common.jimfs;0;1;1;1
Insufficient Modularization;net.bytebuddy.implementation.bytecode.ByteCodeAppender;0;0;1;0
Insufficient Modularization;com.google.zxing.client.android.history;0;0;0;0
Insufficient Modularization;(default package).MegamorphicBypass;0;0;0;0
Insufficient Modularization;net.bytebuddy.implementation.attribute.MethodAttributeAppender;0;1;1;0
Insufficient Modularization;net.bytebuddy.dynamic.scaffold.FieldRegistry;0;1;1;0
Insufficient Modularization;net.bytebuddy.description.type.TypeDescription;0;0;0;0
Insufficient Modularization;org.apache.commons.io.input;0;0;0;0
Insufficient Modularization;net.bytebuddy.implementation.InvokeDynamic;0;0;0;0
Insufficient Modularization;net.bytebuddy.benchmark.jmh.generated.ClassByExtensionBenchmark.benchmarkByteBuddyWithProxyAndReusedDelegatorWithTypePool;0;1;1;0
Insufficient Modularization;com.google.zxing.pdf417.decoder;0;0;0;0
Insufficient Modularization;org.apache.commons.io.input;0;1;1;0
Insufficient Modularization;org.adoptopenjdk.jitwatch.model;0;0;0;0
Insufficient Modularization;com.google.gson;1;1;1;1
Insufficient Modularization;net.bytebuddy.dynamic.loading.ModuleLayerFromSingleClassLoaderDecorator;0;0;0;0
Insufficient Modularization;net.bytebuddy.description.annotation.AnnotationValue;0;0;0;0
Insufficient Modularization;org.apache.commons.lang3.time.FastDatePrinter;0;0;0;0
Insufficient Modularization;org.apache.commons.lang3.time.FastDateParser;0;0;0;0
Insufficient Modularization;net.bytebuddy.implementation.bytecode.collection;0;0;0;0
Insufficient Modularization;org.apache.commons.io.function;0;0;0;0
Insufficient Modularization;org.adoptopenjdk.jitwatch.demo;1;1;1;1
Insufficient Modularization;org.apache.commons.io.function;0;0;0;0
Insufficient Modularization;com.github.javaparser.ast.body;1;1;1;1
Insufficient Modularization;com.github.javaparser.metamodel;1;1;1;1
Insufficient Modularization;net.bytebuddy.implementation.MethodCall;0;0;0;0
Insufficient Modularization;com.google.zxing.client.android;0;1;0;0
Insufficient Modularization;net.bytebuddy.matcher.CachingMatcher;0;0;0;0
Insufficient Modularization;com.google.common.jimfs;0;0;0;0
Insufficient Modularization;com.github.javaparser.ast.visitor;1;1;1;1
Insufficient Modularization;net.bytebuddy.asm.MemberSubstitution;0;0;0;0
Insufficient Modularization;net.bytebuddy.build.gradle.ObjectFactory;0;0;0;0
Insufficient Modularization;org.apache.commons.lang3.time.FastDatePrinter;0;0;0;0
Insufficient Modularization;net.bytebuddy.benchmark.jmh.generated.ClassByImplementationBenchmark.baseline;0;1;1;0
Insufficient Modularization;net.bytebuddy.asm.MemberSubstitution;0;0;1;0
Insufficient Modularization;com.google.gson.internal.sql;0;0;0;0
Insufficient Modularization;com.github.javaparser.metamodel;0;0;0;0
Insufficient Modularization;com.github.javaparser.symbolsolver.javaparsermodel.declarations.JavaParserEnumDeclaration;0;0;0;0
Insufficient Modularization;org.apache.commons.io.input;0;1;1;1
Insufficient Modularization;foo;0;0;0;0
Insufficient Modularization;net.bytebuddy.implementation.FieldAccessor;0;0;1;0
Hub-like Modularization;net.bytebuddy.agent.builder;1;1;1;1
Hub-like Modularization;net.bytebuddy.matcher;1;1;1;1
Hub-like Modularization;net.bytebuddy.asm;1;1;1;1
Hub-like Modularization;net.bytebuddy.asm;1;0;1;1
Hub-like Modularization;net.bytebuddy;1;1;1;1
Hub-like Modularization;org.jsoup.nodes;1;1;1;1
Hub-like Modularization;com.google.gson;1;1;1;1
Hub-like Modularization;com.github.javaparser.symbolsolver;1;0;1;1
Hub-like Modularization;com.github.javaparser.symbolsolver.javaparsermodel;1;1;1;1
Hub-like Modularization;com.github.javaparser.ast;1;1;1;1
Hub-like Modularization;com.google.zxing.oned.Code128Writer;0;0;0;0
Hub-like Modularization;com.google.zxing.client.result;0;0;0;0
Hub-like Modularization;org.apache.commons.lang3.function;0;0;0;0
Hub-like Modularization;net.bytebuddy.utility.JavaConstant;0;0;0;0
Hub-like Modularization;net.bytebuddy.build.Plugin;0;0;0;0
Hub-like Modularization;org.apache.commons.io;0;0;0;0
Hub-like Modularization;net.bytebuddy.benchmark.jmh.generated.ClassByImplementationBenchmark.benchmarkJdkProxy;0;0;0;0
Hub-like Modularization;org.apache.commons.lang3.concurrent;0;0;0;0
Hub-like Modularization;net.bytebuddy.description.type.TypeDescription;0;0;0;0
Hub-like Modularization;net.bytebuddy.dynamic.TypeResolutionStrategy;0;0;0;0
Hub-like Modularization;net.bytebuddy.implementation.attribute.AnnotationAppender;0;0;0;0
Hub-like Modularization;com.service.definition;0;0;0;0
Hub-like Modularization;com.google.zxing.datamatrix.encoder;0;0;0;0
Hub-like Modularization;org.jsoup.helper.HttpConnection;0;0;0;1
Hub-like Modularization;(default package).InnerClassContainer;0;0;0;0
Hub-like Modularization;com.packageName;0;0;0;0
Hub-like Modularization;net.bytebuddy.implementation.attribute.FieldAttributeAppender;0;0;0;0
Hub-like Modularization;com.google.zxing.common;0;0;1;1
Hub-like Modularization;org.apache.commons.io.input;0;0;0;0
Hub-like Modularization;org.jsoup.helper;0;0;0;0
Hub-like Modularization;org.adoptopenjdk.jitwatch.model.assembly;0;0;1;1
Hub-like Modularization;com.github.javaparser.symbolsolver.resolution.promotion;0;0;0;0
Hub-like Modularization;(default package);0;0;0;0
Hub-like Modularization;org.apache.commons.io.comparator;0;0;0;0
Hub-like Modularization;org.apache.commons.lang3.concurrent.AtomicInitializer;0;0;0;0
Hub-like Modularization;net.bytebuddy.matcher;0;0;0;0
Hub-like Modularization;net.bytebuddy.build.gradle.android;0;0;0;1
Hub-like Modularization;org.apache.commons.io.input.MessageDigestCalculatingInputStream;0;0;0;0
Hub-like Modularization;com.github.javaparser.ast.validator.postprocessors;0;0;0;0
Hub-like Modularization;com.google.zxing.pdf417.encoder;0;0;0;0
Hub-like Modularization;net.bytebuddy.description.type.RecordComponentDescription;0;0;0;0
Hub-like Modularization;org.jsoup.select;0;0;0;0
Hub-like Modularization;net.bytebuddy.dynamic.loading.ByteArrayClassLoader;0;0;0;0
Hub-like Modularization;org.apache.commons.lang3.Functions;0;0;0;0
Hub-like Modularization;org.apache.commons.io.output.DeferredFileOutputStream;0;0;0;0
Hub-like Modularization;com.github.javaparser.metamodel;0;0;0;0
Hub-like Modularization;net.bytebuddy.utility.JavaModule;0;0;0;1
Hub-like Modularization;org.apache.commons.io.function;0;0;1;1
Hub-like Modularization;net.bytebuddy.implementation.bytecode.StackManipulation;0;0;0;0
Hub-like Modularization;org.apache.commons.io.input;0;0;0;0
Hub-like Modularization;net.bytebuddy.build.gradle.android;0;0;0;1
Hub-like Modularization;com.google.common.jimfs;0;0;0;0
Hub-like Modularization;com.google.googlejavaformat.java.JavaInputAstVisitor;0;0;0;0
Hub-like Modularization;net.bytebuddy.benchmark.jmh.generated.ClassByExtensionBenchmark.benchmarkByteBuddyWithAccessor;0;0;0;0
Hub-like Modularization;net.bytebuddy.asm.AsmVisitorWrapper;0;0;0;0
Hub-like Modularization;net.bytebuddy.dynamic.scaffold.MethodGraph;0;0;0;1
Hub-like Modularization;org.apache.commons.lang3.time.FastDateParser;0;0;0;0
Hub-like Modularization;net.bytebuddy.asm.TypeReferenceAdjustment;0;0;0;0
Hub-like Modularization;net.bytebuddy.matcher;0;0;0;0
Hub-like Modularization;com.github.javaparser.metamodel;0;0;0;1
Hub-like Modularization;com.google.common.jimfs.FileFactory;0;0;0;0
Hub-like Modularization;net.bytebuddy.build.gradle.android.ByteBuddyAndroidPlugin;0;0;0;0
Hub-like Modularization;net.bytebuddy.utility.JavaConstant;0;0;0;1
Hub-like Modularization;net.bytebuddy.description.type.TypeDescription;0;0;0;0
Hub-like Modularization;org.apache.commons.lang3.function;0;0;0;0
Hub-like Modularization;com.google.googlejavaformat;0;0;1;1
Hub-like Modularization;com.google.googlejavaformat.java.javadoc;0;0;0;1
Hub-like Modularization;com.github.javaparser.symbolsolver.reflectionmodel;0;0;1;1
Hub-like Modularization;com.example;0;0;0;0
Hub-like Modularization;net.bytebuddy.implementation.bytecode.StackManipulation;0;0;0;0
Hub-like Modularization;net.bytebuddy.dynamic.loading.ClassReloadingStrategy;0;0;0;0
Hub-like Modularization;com.google.zxing.oned;0;0;0;0
Hub-like Modularization;com.github.javaparser.utils;0;0;0;1
Hub-like Modularization;com.google.gson;0;0;0;1
Hub-like Modularization;com.github.javaparser.metamodel;0;0;0;0
Hub-like Modularization;com.google.zxing.client.android.camera;0;0;0;0
Hub-like Modularization;com.github.javaparser.ast.observer;0;0;0;0
Hub-like Modularization;org.adoptopenjdk.jitwatch.report;0;0;1;1
Hub-like Modularization;org.adoptopenjdk.jitwatch.histo;0;0;0;0
Hub-like Modularization;org.jsoup.safety.Safelist;0;0;0;0
Hub-like Modularization;net.bytebuddy.implementation.bytecode.member;0;0;0;1
Hub-like Modularization;net.bytebuddy.implementation.MethodCall;0;0;0;1
Hub-like Modularization;org.apache.commons.lang3.compare;0;0;0;0
Hub-like Modularization;com.google.zxing.pdf417.detector;0;0;0;1
Hub-like Modularization;com.github.javaparser.metamodel;0;0;0;0
Hub-like Modularization;net.bytebuddy.build.gradle.android.ByteBuddyAndroidService;0;0;0;0
Hub-like Modularization;org.apache.commons.lang3.concurrent.locks;0;0;0;0
Hub-like Modularization;org.jsoup.helper;0;0;0;0
Hub-like Modularization;org.adoptopenjdk.jitwatch.ui.compilechain;0;0;0;1
Hub-like Modularization;com.github.javaparser.generator.core.visitor;0;0;0;0
Hub-like Modularization;org.apache.commons.lang3.event.EventUtils;0;0;0;0
Hub-like Modularization;net.bytebuddy.matcher;0;0;0;0
Hub-like Modularization;org.apache.commons.lang3.ThreadUtils;0;0;0;0
Hub-like Modularization;org.jsoup.safety.Safelist;0;0;0;0
Hub-like Modularization;org.adoptopenjdk.jitwatch.jarscan.invokecount;0;0;0;1
Hub-like Modularization;net.bytebuddy.matcher;0;0;0;0
Hub-like Modularization;com.google.common.jimfs.AbstractWatchService;0;0;0;0
Hub-like Modularization;com.github.javaparser.resolution.declarations;0;0;1;0
Hub-like Modularization;com.google.googlejavaformat;0;0;0;0
Hub-like Modularization;com.github.javaparser.utils.SourceRoot;0;0;0;0
Hub-like Modularization;com.google.zxing.maxicode.decoder;0;0;0;1
Hub-like Modularization;org.apache.commons.io.build.AbstractOrigin;0;0;0;0
Hub-like Modularization;net.bytebuddy.matcher;0;0;0;0
Hub-like Modularization;com.google.zxing;0;0;0;0
Hub-like Modularization;org.apache.commons.lang3.exception;0;0;0;0
Hub-like Modularization;implements.duplicate;0;0;0;0
Hub-like Modularization;com.google.gson.internal.bind;0;0;0;1
Hub-like Modularization;net.bytebuddy.implementation.bind.annotation.TargetMethodAnnotationDrivenBinder;0;0;0;0
Hub-like Modularization;org.apache.commons.io.file;0;0;0;0
Hub-like Modularization;org.jsoup.examples;0;0;0;0
Hub-like Modularization;com.google.gson.internal.bind.ReflectiveTypeAdapterFactory;0;0;0;0
Hub-like Modularization;org.adoptopenjdk.jitwatch.ui.compilationchooser;0;0;0;1
Hub-like Modularization;com.github.javaparser;0;1;1;1
Hub-like Modularization;net.bytebuddy.implementation.bind.MethodDelegationBinder;0;0;0;0
Hub-like Modularization;org.adoptopenjdk.jitwatch.compilation;0;1;1;1
Hub-like Modularization;net.bytebuddy.pool.TypePool;0;0;0;0
Hub-like Modularization;net.bytebuddy.implementation.MethodCall;0;0;0;0
Hub-like Modularization;main.GrandParent;0;0;0;0
Hub-like Modularization;net.bytebuddy.agent.VirtualMachine;0;0;0;0
Hub-like Modularization;net.bytebuddy.build.AndroidDescriptor;0;0;0;0
Hub-like Modularization;org.adoptopenjdk.jitwatch.model;0;0;0;0
Hub-like Modularization;com.github.javaparser.generator.core.node;0;0;0;1
Hub-like Modularization;com.google.zxing.pdf417.decoder.ec;0;0;0;0
Hub-like Modularization;net.bytebuddy.build.Plugin;0;0;0;0
Hub-like Modularization;org.apache.commons.lang3.function;0;0;0;0
Hub-like Modularization;com.google.zxing.client.android.share;0;0;0;0
Hub-like Modularization;com.google.zxing.web;0;0;0;1
Hub-like Modularization;net.bytebuddy.description.type.TypeList;0;0;0;0
Hub-like Modularization;org.jsoup.select.Evaluator;0;0;0;0
Hub-like Modularization;(default package).EnumWithInnerType;0;0;0;0
Hub-like Modularization;org.adoptopenjdk.jitwatch.ui.viewer;0;0;0;1
Hub-like Modularization;net.bytebuddy.ClassFileVersion;0;0;0;0
Hub-like Modularization;com.google.zxing.integration.android;0;0;0;0
Hub-like Modularization;org.jsoup.select.Evaluator;0;0;0;0
Hub-like Modularization;com.google.common.jimfs.AbstractWatchService;0;0;0;0
Hub-like Modularization;org.jsoup.select.Evaluator;0;0;0;0
Hub-like Modularization;org.adoptopenjdk.jitwatch.core.JITWatchConfig;0;0;0;0
Hub-like Modularization;com.google.zxing.datamatrix.decoder;0;0;1;1
Hub-like Modularization;org.apache.commons.lang3.function;0;0;0;0
Hub-like Modularization;net.bytebuddy.description.method.ParameterList;0;0;0;0
Hub-like Modularization;com.github.javaparser.printer.lexicalpreservation;0;0;0;1
Hub-like Modularization;net.bytebuddy.dynamic.DynamicType;0;0;0;0
Hub-like Modularization;net.bytebuddy.dynamic.loading.ClassLoadingStrategy;0;0;0;0
Hub-like Modularization;com.google.googlejavaformat.java.RemoveUnusedImports;0;0;0;0
Hub-like Modularization;com.github.javaparser.resolution.logic;0;1;1;1
Hub-like Modularization;com.google.gson.internal.bind.CollectionTypeAdapterFactory;0;0;0;0
Hub-like Modularization;com.packageName;0;0;0;0
Hub-like Modularization;net.bytebuddy.implementation.InvokeDynamic;0;0;0;0
Hub-like Modularization;org.adoptopenjdk.jitwatch.process.compiler;0;0;0;0
Hub-like Modularization;org.adoptopenjdk.jitwatch.ui.graphing;0;0;0;1
Hub-like Modularization;com.github.javaparser.resolution.declarations;0;0;0;1
Hub-like Modularization;foo.bar.AnInterface;0;0;0;0
Hub-like Modularization;(default package).PartialEscapeFail;0;0;0;0
Hub-like Modularization;com.github.javaparser.ast.validator.postprocessors;0;0;0;0
Hub-like Modularization;net.bytebuddy.implementation.MethodAccessorFactory;0;0;0;0
Hub-like Modularization;net.bytebuddy.NamingStrategy;0;0;0;0
Hub-like Modularization;com.github.javaparser.generator.core.visitor;0;0;0;0
Hub-like Modularization;net.bytebuddy.implementation.bytecode.member.FieldAccess;0;0;0;0
Hub-like Modularization;com.google.gson.internal;0;0;0;1
Hub-like Modularization;net.bytebuddy.implementation.InvokeDynamic;0;0;0;0
Hub-like Modularization;org.apache.commons.io.function;0;1;1;1
Hub-like Modularization;com.google.zxing.client.android;0;1;1;1
Hub-like Modularization;org.jsoup.nodes;0;0;0;0
Hub-like Modularization;net.bytebuddy.build.gradle.android.ByteBuddyAndroidPlugin;0;0;0;1
Hub-like Modularization;(default package);0;0;0;0
Hub-like Modularization;com.github.javaparser.ast.nodeTypes;0;0;0;0
Hub-like Modularization;com.google.zxing.common.reedsolomon;0;0;1;1
Hub-like Modularization;net.bytebuddy.implementation.attribute.AnnotationAppender;0;0;0;0
Hub-like Modularization;net.bytebuddy.agent.ByteBuddyAgent;0;0;0;0
Hub-like Modularization;net.bytebuddy.dynamic.loading.ClassFilePostProcessor;0;0;0;0
Hub-like Modularization;net.bytebuddy.pool.TypePool;0;0;0;0
Hub-like Modularization;org.apache.commons.lang3.concurrent.locks.LockingVisitors;0;0;0;0
Hub-like Modularization;com.google.zxing.pdf417;0;0;1;1
Hub-like Modularization;com.github.javaparser.symbolsolver.cache;0;0;0;0
Hub-like Modularization;net.bytebuddy.dynamic.ClassFileLocator;0;0;0;0
Hub-like Modularization;(default package).InnerClassDotExpressions;0;0;0;0
Hub-like Modularization;net.bytebuddy.pool.TypePool;0;0;0;0
Hub-like Modularization;net.bytebuddy.asm.MemberSubstitution;0;0;0;0
Hub-like Modularization;com.google.zxing.oned;0;0;0;0
Hub-like Modularization;org.apache.commons.lang3.concurrent;0;0;0;0
Hub-like Modularization;org.jsoup.select.StructuralEvaluator;0;0;0;0
Hub-like Modularization;net.bytebuddy.dynamic.scaffold.TypeWriter;0;0;0;0
Hub-like Modularization;com.google.zxing.oned.rss.expanded.decoders;0;0;0;0
Hub-like Modularization;org.apache.commons.lang3.function;0;0;0;0
Hub-like Modularization;org.apache.commons.lang3.function;0;0;0;0
Hub-like Modularization;com.github.javaparser.resolution.types;0;0;0;1
Hub-like Modularization;org.jsoup.nodes;0;0;0;1
Hub-like Modularization;com.google.zxing.client.result;0;0;0;0
Hub-like Modularization;org.apache.commons.lang3.compare;0;0;0;0
Hub-like Modularization;com.google.zxing.client.result;0;0;0;0
Hub-like Modularization;org.adoptopenjdk.jitwatch.ui.parserchooser;0;0;0;0
Hub-like Modularization;com.github.javaparser.utils;0;1;1;1
Hub-like Modularization;com.github.javaparser.resolution.types.parametrization;0;0;0;0
Hub-like Modularization;net.bytebuddy.description.annotation.AnnotationValue;0;0;0;0
Hub-like Modularization;net.bytebuddy.implementation.bytecode;0;0;0;0
Hub-like Modularization;org.jsoup.parser;0;1;1;1
Hub-like Modularization;net.bytebuddy.implementation.attribute.MethodAttributeAppender;0;0;0;0
Hub-like Modularization;com.github.javaparser.printer.configuration;0;0;0;1
Hub-like Modularization;com.google.zxing.datamatrix.decoder.Version;0;0;0;0
Hub-like Modularization;com.github.javaparser.ast.observer;0;0;1;1
Hub-like Modularization;net.bytebuddy.implementation.bind;0;0;0;0
Hub-like Modularization;org.adoptopenjdk.jitwatch.chain;0;0;0;1
Hub-like Modularization;net.bytebuddy.implementation.FieldAccessor;0;0;0;0
Hub-like Modularization;com.github.javaparser.ast.validator.language.level.validations.chunks;0;0;1;1
Hub-like Modularization;com.example.NoSerializedNameMain;0;0;0;0
Hub-like Modularization;net.bytebuddy.dynamic.loading.ClassInjector;0;0;0;0
Hub-like Modularization;com.google.common.jimfs.OwnerAttributeProvider;0;0;0;0
Hub-like Modularization;com.google.googlejavaformat.java.ModifierOrderer;0;0;0;0
Hub-like Modularization;org.adoptopenjdk.jitwatch.parser.hotspot;0;0;0;1
Hub-like Modularization;(default package);0;0;0;0
Hub-like Modularization;net.bytebuddy.implementation.bytecode.constant;0;0;0;1
Hub-like Modularization;net.bytebuddy.description.type.TypeList;0;0;0;0
Hub-like Modularization;net.bytebuddy.dynamic.DynamicType;0;0;0;0
Hub-like Modularization;net.bytebuddy.description.type.TypeDescription;0;0;0;0
Hub-like Modularization;net.bytebuddy.description.type.TypeDescription;0;0;0;0
Hub-like Modularization;net.bytebuddy.asm.TypeReferenceAdjustment;0;0;0;0
Hub-like Modularization;org.apache.commons.io.comparator;0;0;0;0
Hub-like Modularization;net.bytebuddy.dynamic.scaffold.TypeWriter;0;0;0;0
Hub-like Modularization;(default package).Issue300;0;0;0;0
Hub-like Modularization;net.bytebuddy.utility.AsmClassReader;0;0;0;0
Hub-like Modularization;a;0;0;0;0
Hub-like Modularization;com.github.javaparser.resolution;0;0;1;1
Hub-like Modularization;issue241.TypeWithMemberType;0;0;0;0
Hub-like Modularization;foo;0;0;0;0
Hub-like Modularization;com.github.javaparser.resolution.types;0;0;1;1
Hub-like Modularization;com.github.javaparser.utils;0;0;0;0
Hub-like Modularization;com.github.javaparser.symbolsolver.javaparsermodel.declarators;0;0;0;0
Hub-like Modularization;com.github.javaparser.metamodel;0;0;0;0
Hub-like Modularization;com.github.javaparser.serialization.JavaParserJsonSerializer;0;0;0;1
Hub-like Modularization;com.google.zxing.client.android.camera;0;1;1;1
Hub-like Modularization;net.bytebuddy.implementation.FixedValue;0;0;0;0
Hub-like Modularization;org.jsoup.select.Evaluator;0;0;0;0
Hub-like Modularization;net.bytebuddy.dynamic.ClassFileLocator;0;0;0;0
Hub-like Modularization;net.bytebuddy.dynamic.loading.ByteArrayClassLoader;0;0;0;0
Hub-like Modularization;com.github.javaparser.generator.core.other;0;0;0;0
Hub-like Modularization;net.bytebuddy.dynamic.loading.MultipleParentClassLoader;0;0;0;0
Hub-like Modularization;org.apache.commons.lang3.concurrent;0;0;0;0
Hub-like Modularization;net.bytebuddy.build.gradle.android.ByteBuddyAndroidPlugin;0;0;0;0
Hub-like Modularization;com.github.javaparser.resolution.logic;0;0;0;1
Hub-like Modularization;net.bytebuddy.build.RenamingPlugin;0;0;0;0
Hub-like Modularization;net.bytebuddy.android.AndroidClassLoadingStrategy;0;0;0;0
Hub-like Modularization;org.apache.commons.lang3.function;0;0;0;0
Hub-like Modularization;com.github.javaparser.ast.observer;0;0;0;0
Hub-like Modularization;com.github.javaparser.printer.concretesyntaxmodel;0;0;0;0
Hub-like Modularization;net.bytebuddy.implementation.InvocationHandlerAdapter;0;0;0;0
Hub-like Modularization;com.github.javaparser.symbolsolver.reflectionmodel.comparators;0;0;0;1
Hub-like Modularization;net.bytebuddy.implementation.bytecode.constant;0;0;0;0
Hub-like Modularization;com.google.zxing.pdf417.decoder;0;1;0;1
Hub-like Modularization;com.github.javaparser.javasymbolsolver.javassist.symbols.main.jar;0;0;0;0
Hub-like Modularization;com.google.zxing.common.reedsolomon;0;0;0;0
Hub-like Modularization;net.bytebuddy.dynamic.scaffold.InstrumentedType;0;0;0;0
Hub-like Modularization;net.bytebuddy.dynamic.loading.ClassInjector;0;0;0;0
Hub-like Modularization;org.adoptopenjdk.jitwatch.ui.sandbox;0;0;0;0
Hub-like Modularization;com.google.zxing.client.android;0;0;0;0
Hub-like Modularization;org.adoptopenjdk.jitwatch.model.bytecode;0;0;0;0
Hub-like Modularization;main;0;0;0;0
Hub-like Modularization;com.google.gson.internal.bind.ReflectiveTypeAdapterFactory;0;0;0;0
Hub-like Modularization;net.bytebuddy.android.AndroidClassLoadingStrategy;0;0;0;0
Hub-like Modularization;net.bytebuddy.dynamic.loading.ClassInjector;0;0;0;1
Hub-like Modularization;com.github.javaparser.metamodel;0;0;0;0
Hub-like Modularization;com.google.zxing.aztec.encoder;0;0;0;1
Hub-like Modularization;net.bytebuddy.implementation.bytecode.StackManipulation;0;0;0;0
Hub-like Modularization;implements.duplicate.A;0;0;0;0
Hub-like Modularization;com.google.zxing.datamatrix.encoder.MinimalEncoder;0;0;0;0
Hub-like Modularization;net.bytebuddy.implementation.Implementation;0;0;0;1
Hub-like Modularization;net.bytebuddy.dynamic.scaffold.TypeWriter;0;0;0;1
Hub-like Modularization;(default package).PolymorphismTest;0;0;0;0
Hub-like Modularization;com.github.javaparser.symbolsolver.javaparsermodel.contexts;0;0;0;0
Hub-like Modularization;org.jsoup.parser.Token;0;0;0;0
Hub-like Modularization;com.google.googlejavaformat.java.JavaInputAstVisitor;0;0;0;0
Hub-like Modularization;com.google.zxing.oned.rss;0;0;0;1
Hub-like Modularization;org.adoptopenjdk.jitwatch.model.bytecode;0;0;0;0
Hub-like Modularization;org.adoptopenjdk.jitwatch.jvmlang;0;1;1;1
Hub-like Modularization;net.bytebuddy.implementation.bytecode.constant.MethodConstant;0;0;0;0
Hub-like Modularization;com.github.javaparser.symbolsolver.javassistmodel;0;0;0;0
Hub-like Modularization;net.bytebuddy.pool.TypePool;0;0;0;0
Hub-like Modularization;net.bytebuddy.dynamic.loading.ClassInjector;0;0;0;0
Hub-like Modularization;com.google.googlejavaformat.java.StringWrapper;0;0;0;0
Hub-like Modularization;com.google.gson;0;0;0;0
Hub-like Modularization;net.bytebuddy.benchmark.jmh.generated.ClassByExtensionBenchmark.benchmarkByteBuddyWithProxy;0;0;0;0
Hub-like Modularization;com.github.javaparser.symbolsolver.cache;0;0;0;0
Hub-like Modularization;org.apache.commons.io.file.CountingPathVisitor;0;0;0;0
Hub-like Modularization;package.c;0;0;0;0
Hub-like Modularization;com.google.googlejavaformat;0;0;0;1
Hub-like Modularization;net.bytebuddy.benchmark.jmh.generated.ClassByImplementationBenchmark.benchmarkCglib;0;0;0;0
Hub-like Modularization;com.github.javaparser.metamodel;0;0;0;0
Hub-like Modularization;net.bytebuddy.implementation.bind.MethodDelegationBinder;0;0;0;0
Hub-like Modularization;com.google.googlejavaformat.java.JavacTokens;0;0;0;0
Hub-like Modularization;com.google.gson.graph;0;0;0;1
Hub-like Modularization;org.adoptopenjdk.jitwatch.util;0;0;0;0
Hub-like Modularization;package.b;0;0;0;0
Hub-like Modularization;com.github.javaparser.symbolsolver.resolution.promotion;0;0;0;1
Hub-like Modularization;com.google.googlejavaformat.java;0;0;0;1
Hub-like Modularization;com.google.common.jimfs;0;0;0;0
Hub-like Modularization;com.google.zxing.web.DoSTracker;0;0;0;0
Hub-like Modularization;net.bytebuddy.implementation.bytecode.member.MethodInvocation;0;0;0;0
Hub-like Modularization;net.bytebuddy.implementation.FixedValue;0;0;0;0
Hub-like Modularization;org.apache.commons.lang3.function;0;0;0;1
Hub-like Modularization;org.apache.commons.io.input;0;0;0;0
Hub-like Modularization;org.apache.commons.io.function;0;0;0;1
Hub-like Modularization;net.bytebuddy.dynamic.scaffold.subclass.ConstructorStrategy;0;0;0;0
Hub-like Modularization;org.apache.commons.io.channels;0;0;0;0
Hub-like Modularization;net.bytebuddy.implementation.SuperMethodCall;0;0;0;0
Hub-like Modularization;org.adoptopenjdk.jitwatch.model.bytecode;0;0;0;0
Hub-like Modularization;net.bytebuddy.description.field.FieldDescription;0;0;0;0
Hub-like Modularization;com.google.googlejavaformat.intellij;0;0;0;0
Hub-like Modularization;com.github.javaparser.symbolsolver.javassistmodel;0;0;0;1
Hub-like Modularization;org.apache.commons.lang3.time;0;0;0;0
Hub-like Modularization;com.google.zxing;0;0;1;1
Hub-like Modularization;com.github.javaparser.ast.nodeTypes.modifiers;0;0;0;0
Hub-like Modularization;japa.bdd.samples.JavaConcepts;0;0;0;0
Hub-like Modularization;net.bytebuddy.dynamic.ClassFileLocator;0;0;0;0
Hub-like Modularization;net.bytebuddy.asm.MemberSubstitution;0;0;0;0
Hub-like Modularization;net.bytebuddy.build.RenamingPlugin;0;0;0;0
Hub-like Modularization;net.bytebuddy.implementation.FieldAccessor;0;0;0;0
Hub-like Modularization;net.bytebuddy.pool.TypePool;0;0;0;0
Hub-like Modularization;com.github.javaparser.printer.lexicalpreservation;0;0;0;0
Hub-like Modularization;com.github.javaparser;0;0;0;0
Hub-like Modularization;com.github.javaparser.ast.nodeTypes;0;0;0;0
Hub-like Modularization;net.bytebuddy.dynamic.DynamicType;0;0;0;0
Hub-like Modularization;org.apache.commons.io;0;0;0;1
Hub-like Modularization;com.github.javaparser.symbolsolver.resolution.typeinference.bounds;0;0;0;0
Hub-like Modularization;(default package);0;0;0;0
Hub-like Modularization;com.google.googlejavaformat.java;0;0;0;0
Hub-like Modularization;com.github.javaparser.metamodel;0;0;1;1
Hub-like Modularization;net.bytebuddy.dynamic.scaffold.TypeWriter;0;0;0;0
Hub-like Modularization;com.github.javaparser.symbolsolver.reflectionmodel;0;0;0;0
Hub-like Modularization;org.jsoup;0;0;0;0
Hub-like Modularization;net.bytebuddy.implementation.auxiliary.TypeProxy;0;0;0;1
Hub-like Modularization;net.bytebuddy.implementation.HashCodeMethod;0;0;0;0
Hub-like Modularization;net.bytebuddy.build.Plugin;0;0;0;0
Hub-like Modularization;net.bytebuddy.dynamic.scaffold.TypeWriter;0;0;0;0
Hub-like Modularization;org.apache.commons.lang3.time;0;0;0;0
Hub-like Modularization;net.bytebuddy.ByteBuddy;0;0;0;0
Hub-like Modularization;com.github.javaparser.printer.lexicalpreservation.ReshuffledDiffElementExtractor;0;0;0;0
Hub-like Modularization;net.bytebuddy.build.maven.ByteBuddyMojo;0;0;0;0
Hub-like Modularization;net.bytebuddy.implementation.Implementation;0;0;0;0
Hub-like Modularization;org.adoptopenjdk.jitwatch.model;0;0;0;1
Hub-like Modularization;org.gradle.api.file;0;0;0;0
Hub-like Modularization;org.adoptopenjdk.jitwatch.inline;0;0;0;0
Hub-like Modularization;net.bytebuddy.dynamic.loading.ClassLoadingStrategy;0;0;0;0
Hub-like Modularization;org.apache.commons.io.comparator;0;0;0;0
Hub-like Modularization;org.apache.commons.lang3.function;0;0;0;0
Hub-like Modularization;(default package);0;0;0;0
Hub-like Modularization;net.bytebuddy.description.method.ParameterList;0;0;0;0
Hub-like Modularization;net.bytebuddy.utility.dispatcher.JavaDispatcher;0;0;0;0
Hub-like Modularization;net.bytebuddy.build.maven.ByteBuddyMojo;0;0;0;0
Hub-like Modularization;com.google.zxing.common;0;0;0;0
Hub-like Modularization;com.google.zxing.oned;0;0;0;1
Hub-like Modularization;net.bytebuddy.agent.builder.ResettableClassFileTransformer;0;0;0;1
Hub-like Modularization;com.github.javaparser.resolution.declarations;0;0;0;0
Hub-like Modularization;com.github.javaparser.metamodel;0;0;0;0
Hub-like Modularization;org.apache.commons.lang3.time.FastDatePrinter;0;0;0;0
Hub-like Modularization;com.github.javaparser.metamodel;0;0;0;0
Hub-like Modularization;net.bytebuddy.description.type.TypeDescription;0;0;0;0
Hub-like Modularization;com.google.zxing.multi;0;0;0;0
Hub-like Modularization;org.jsoup.nodes.Attributes;0;0;0;0
Hub-like Modularization;org.apache.commons.io.output;0;0;0;0
Hub-like Modularization;com.google.zxing.client.android.result.supplement;0;0;0;0
Hub-like Modularization;net.bytebuddy.description.modifier;0;0;0;0
