project,smell,package,class,prompt_file,context_size,label
zxing,Hublike Modularization,com.google.zxing,FormatException,data/processed/prompts/hublike_modularization/zxing/com_google_zxing_FormatException.txt,2763,0
jitwatch,Hublike Modularization,org.adoptopenjdk.jitwatch.parser.j9,J9Line,data/processed/prompts/hublike_modularization/jitwatch/org_adoptopenjdk_jitwatch_parser_j9_J9Line.txt,897,0
zxing,Hublike Modularization,com.google.zxing.qrcode.decoder,Decoder,data/processed/prompts/hublike_modularization/zxing/com_google_zxing_qrcode_decoder_Decoder.txt,1156,0
byte-buddy,Hublike Modularization,com.service.usage2,ServiceImplementation,data/processed/prompts/hublike_modularization/byte-buddy/com_service_usage2_ServiceImplementation.txt,246,0
byte-buddy,Hublike Modularization,net.bytebuddy.utility.JavaConstant,OfMethodTypeDesc,data/processed/prompts/hublike_modularization/byte-buddy/net_bytebuddy_utility_JavaConstant_OfMethodTypeDesc.txt,811,0
byte-buddy,Hublike Modularization,net.bytebuddy.benchmark.jmh.generated.ClassByImplementationBenchmark.benchmarkByteBuddy,jmhTest,data/processed/prompts/hublike_modularization/byte-buddy/net_bytebuddy_benchmark_jmh_generated_ClassByImplementationBenchmark_benchmarkByteBuddy_jmhTest.txt,4397,0
commons-io,Hublike Modularization,org.apache.commons.io.build.AbstractOrigin,InputStreamOrigin,data/processed/prompts/hublike_modularization/commons-io/org_apache_commons_io_build_AbstractOrigin_InputStreamOrigin.txt,249,0
byte-buddy,Hublike Modularization,net.bytebuddy.build.HashCodeAndEqualsPlugin,WithNonNullableFields,data/processed/prompts/hublike_modularization/byte-buddy/net_bytebuddy_build_HashCodeAndEqualsPlugin_WithNonNullableFields.txt,266,0
commons-lang,Hublike Modularization,org.apache.commons.lang3.concurrent,UncheckedFutureImpl,data/processed/prompts/hublike_modularization/commons-lang/org_apache_commons_lang3_concurrent_UncheckedFutureImpl.txt,248,0
byte-buddy,Hublike Modularization,net.bytebuddy.android.AndroidClassLoadingStrategy,Injecting,data/processed/prompts/hublike_modularization/byte-buddy/net_bytebuddy_android_AndroidClassLoadingStrategy_Injecting.txt,249,0
zxing,Hublike Modularization,com.google.zxing.oned.Code128Writer,Latch,data/processed/prompts/hublike_modularization/zxing/com_google_zxing_oned_Code128Writer_Latch.txt,358,0
zxing,Hublike Modularization,com.google.zxing.client.result,WifiParsedResult,data/processed/prompts/hublike_modularization/zxing/com_google_zxing_client_result_WifiParsedResult.txt,480,0
commons-lang,Hublike Modularization,org.apache.commons.lang3.function,FailableBiPredicate,data/processed/prompts/hublike_modularization/commons-lang/org_apache_commons_lang3_function_FailableBiPredicate.txt,511,0
byte-buddy,Hublike Modularization,net.bytebuddy.utility.JavaConstant,OfClassDesc,data/processed/prompts/hublike_modularization/byte-buddy/net_bytebuddy_utility_JavaConstant_OfClassDesc.txt,810,0
byte-buddy,Hublike Modularization,net.bytebuddy.build.Plugin,ForJarOutputStream,data/processed/prompts/hublike_modularization/byte-buddy/net_bytebuddy_build_Plugin_ForJarOutputStream.txt,509,0
commons-io,Hublike Modularization,org.apache.commons.io,CopyUtils,data/processed/prompts/hublike_modularization/commons-io/org_apache_commons_io_CopyUtils.txt,474,0
byte-buddy,Hublike Modularization,net.bytebuddy.benchmark.jmh.generated.ClassByImplementationBenchmark.benchmarkJdkProxy,jmhTest,data/processed/prompts/hublike_modularization/byte-buddy/net_bytebuddy_benchmark_jmh_generated_ClassByImplementationBenchmark_benchmarkJdkProxy_jmhTest.txt,4425,0
commons-lang,Hublike Modularization,org.apache.commons.lang3.concurrent,UncheckedExecutionException,data/processed/prompts/hublike_modularization/commons-lang/org_apache_commons_lang3_concurrent_UncheckedExecutionException.txt,248,0
byte-buddy,Hublike Modularization,net.bytebuddy.description.type.TypeDescription,OfAnnotatedElement,data/processed/prompts/hublike_modularization/byte-buddy/net_bytebuddy_description_type_TypeDescription_OfAnnotatedElement.txt,249,0
byte-buddy,Hublike Modularization,net.bytebuddy.dynamic.TypeResolutionStrategy,Passive,data/processed/prompts/hublike_modularization/byte-buddy/net_bytebuddy_dynamic_TypeResolutionStrategy_Passive.txt,248,0
byte-buddy,Hublike Modularization,net.bytebuddy.implementation.attribute.AnnotationAppender,OnField,data/processed/prompts/hublike_modularization/byte-buddy/net_bytebuddy_implementation_attribute_AnnotationAppender_OnField.txt,263,0
byte-buddy,Hublike Modularization,com.service.definition,ServiceDefinition,data/processed/prompts/hublike_modularization/byte-buddy/com_service_definition_ServiceDefinition.txt,244,0
zxing,Hublike Modularization,com.google.zxing.datamatrix.encoder,DataMatrixSymbolInfo144,data/processed/prompts/hublike_modularization/zxing/com_google_zxing_datamatrix_encoder_DataMatrixSymbolInfo144.txt,252,0
jsoup,Hublike Modularization,org.jsoup.helper.HttpConnection,Response,data/processed/prompts/hublike_modularization/jsoup/org_jsoup_helper_HttpConnection_Response.txt,892,0
javaparser,Hublike Modularization,(default package).InnerClassContainer,InnerClass,data/processed/prompts/hublike_modularization/javaparser/(default package)_InnerClassContainer_InnerClass.txt,246,0
javaparser,Hublike Modularization,com.packageName,InnerStaticClassFieldContainer,data/processed/prompts/hublike_modularization/javaparser/com_packageName_InnerStaticClassFieldContainer.txt,291,0
byte-buddy,Hublike Modularization,net.bytebuddy.implementation.attribute.FieldAttributeAppender,Compound,data/processed/prompts/hublike_modularization/byte-buddy/net_bytebuddy_implementation_attribute_FieldAttributeAppender_Compound.txt,355,0
zxing,Hublike Modularization,com.google.zxing.common,DetectorResult,data/processed/prompts/hublike_modularization/zxing/com_google_zxing_common_DetectorResult.txt,854,0
commons-io,Hublike Modularization,org.apache.commons.io.input,UncheckedFilterReader,data/processed/prompts/hublike_modularization/commons-io/org_apache_commons_io_input_UncheckedFilterReader.txt,498,0
jsoup,Hublike Modularization,org.jsoup.helper,Re2jRegex,data/processed/prompts/hublike_modularization/jsoup/org_jsoup_helper_Re2jRegex.txt,365,0
jitwatch,Hublike Modularization,org.adoptopenjdk.jitwatch.model.assembly,AssemblyInstruction,data/processed/prompts/hublike_modularization/jitwatch/org_adoptopenjdk_jitwatch_model_assembly_AssemblyInstruction.txt,1430,0
javaparser,Hublike Modularization,com.github.javaparser.symbolsolver.resolution.promotion,BooleanConditionalExprHandler,data/processed/prompts/hublike_modularization/javaparser/com_github_javaparser_symbolsolver_resolution_promotion_BooleanConditionalExprHandler.txt,438,0
jitwatch,Hublike Modularization,(default package),HotThrow,data/processed/prompts/hublike_modularization/jitwatch/(default package)_HotThrow.txt,243,0
commons-io,Hublike Modularization,org.apache.commons.io.comparator,ExtensionFileComparator,data/processed/prompts/hublike_modularization/commons-io/org_apache_commons_io_comparator_ExtensionFileComparator.txt,345,0
commons-lang,Hublike Modularization,org.apache.commons.lang3.concurrent.AtomicInitializer,Builder,data/processed/prompts/hublike_modularization/commons-lang/org_apache_commons_lang3_concurrent_AtomicInitializer_Builder.txt,328,0
byte-buddy,Hublike Modularization,net.bytebuddy.matcher,ErasureMatcher,data/processed/prompts/hublike_modularization/byte-buddy/net_bytebuddy_matcher_ErasureMatcher.txt,323,0
byte-buddy,Hublike Modularization,net.bytebuddy.build.gradle.android,ByteBuddyLocalClassesEnhancerTask,data/processed/prompts/hublike_modularization/byte-buddy/net_bytebuddy_build_gradle_android_ByteBuddyLocalClassesEnhancerTask.txt,1607,0
commons-io,Hublike Modularization,org.apache.commons.io.input.MessageDigestCalculatingInputStream,Builder,data/processed/prompts/hublike_modularization/commons-io/org_apache_commons_io_input_MessageDigestCalculatingInputStream_Builder.txt,302,0
javaparser,Hublike Modularization,com.github.javaparser.ast.validator.postprocessors,Java22PostProcessor,data/processed/prompts/hublike_modularization/javaparser/com_github_javaparser_ast_validator_postprocessors_Java22PostProcessor.txt,252,0
zxing,Hublike Modularization,com.google.zxing.pdf417.encoder,Compaction,data/processed/prompts/hublike_modularization/zxing/com_google_zxing_pdf417_encoder_Compaction.txt,606,0
byte-buddy,Hublike Modularization,net.bytebuddy.description.type.RecordComponentDescription,RecordComponent,data/processed/prompts/hublike_modularization/byte-buddy/net_bytebuddy_description_type_RecordComponentDescription_RecordComponent.txt,656,0
jsoup,Hublike Modularization,org.jsoup.select,Nodes,data/processed/prompts/hublike_modularization/jsoup/org_jsoup_select_Nodes.txt,643,0
byte-buddy,Hublike Modularization,net.bytebuddy.dynamic.loading.ByteArrayClassLoader,PrependingEnumeration,data/processed/prompts/hublike_modularization/byte-buddy/net_bytebuddy_dynamic_loading_ByteArrayClassLoader_PrependingEnumeration.txt,252,0
commons-lang,Hublike Modularization,org.apache.commons.lang3.Functions,FailableBiConsumer,data/processed/prompts/hublike_modularization/commons-lang/org_apache_commons_lang3_Functions_FailableBiConsumer.txt,413,0
commons-io,Hublike Modularization,org.apache.commons.io.output.DeferredFileOutputStream,Builder,data/processed/prompts/hublike_modularization/commons-io/org_apache_commons_io_output_DeferredFileOutputStream_Builder.txt,428,0
javaparser,Hublike Modularization,com.github.javaparser.metamodel,RecordPatternExprMetaModel,data/processed/prompts/hublike_modularization/javaparser/com_github_javaparser_metamodel_RecordPatternExprMetaModel.txt,2232,0
byte-buddy,Hublike Modularization,net.bytebuddy.utility.JavaModule,Module,data/processed/prompts/hublike_modularization/byte-buddy/net_bytebuddy_utility_JavaModule_Module.txt,601,0
commons-io,Hublike Modularization,org.apache.commons.io.function,IOStream,data/processed/prompts/hublike_modularization/commons-io/org_apache_commons_io_function_IOStream.txt,1176,0
byte-buddy,Hublike Modularization,net.bytebuddy.implementation.bytecode.StackManipulation,Size,data/processed/prompts/hublike_modularization/byte-buddy/net_bytebuddy_implementation_bytecode_StackManipulation_Size.txt,362,0
commons-io,Hublike Modularization,org.apache.commons.io.input,CharSequenceInputStream,data/processed/prompts/hublike_modularization/commons-io/org_apache_commons_io_input_CharSequenceInputStream.txt,640,0
byte-buddy,Hublike Modularization,net.bytebuddy.build.gradle.android,LegacyByteBuddyLocalClassesEnhancerTask,data/processed/prompts/hublike_modularization/byte-buddy/net_bytebuddy_build_gradle_android_LegacyByteBuddyLocalClassesEnhancerTask.txt,1690,0
jimfs,Hublike Modularization,com.google.common.jimfs,Handler,data/processed/prompts/hublike_modularization/jimfs/com_google_common_jimfs_Handler.txt,246,0
google-java-format,Hublike Modularization,com.google.googlejavaformat.java.JavaInputAstVisitor,Kind,data/processed/prompts/hublike_modularization/google-java-format/com_google_googlejavaformat_java_JavaInputAstVisitor_Kind.txt,570,0
byte-buddy,Hublike Modularization,net.bytebuddy.benchmark.jmh.generated.ClassByExtensionBenchmark.benchmarkByteBuddyWithAccessor,jmhTest,data/processed/prompts/hublike_modularization/byte-buddy/net_bytebuddy_benchmark_jmh_generated_ClassByExtensionBenchmark_benchmarkByteBuddyWithAccessor_jmhTest.txt,4453,0
byte-buddy,Hublike Modularization,net.bytebuddy.asm.AsmVisitorWrapper,Entry,data/processed/prompts/hublike_modularization/byte-buddy/net_bytebuddy_asm_AsmVisitorWrapper_Entry.txt,866,0
byte-buddy,Hublike Modularization,net.bytebuddy.dynamic.scaffold.MethodGraph,ForJVMMethod,data/processed/prompts/hublike_modularization/byte-buddy/net_bytebuddy_dynamic_scaffold_MethodGraph_ForJVMMethod.txt,877,0
commons-lang,Hublike Modularization,org.apache.commons.lang3.time.FastDateParser,StrategyParser,data/processed/prompts/hublike_modularization/commons-lang/org_apache_commons_lang3_time_FastDateParser_StrategyParser.txt,370,0
byte-buddy,Hublike Modularization,net.bytebuddy.asm.TypeReferenceAdjustment,TypeReferenceMethodVisitor,data/processed/prompts/hublike_modularization/byte-buddy/net_bytebuddy_asm_TypeReferenceAdjustment_TypeReferenceMethodVisitor.txt,325,0
byte-buddy,Hublike Modularization,net.bytebuddy.matcher,CollectionErasureMatcher,data/processed/prompts/hublike_modularization/byte-buddy/net_bytebuddy_matcher_CollectionErasureMatcher.txt,324,0
javaparser,Hublike Modularization,com.github.javaparser.metamodel,CompilationUnitMetaModel,data/processed/prompts/hublike_modularization/javaparser/com_github_javaparser_metamodel_CompilationUnitMetaModel.txt,2401,0
jimfs,Hublike Modularization,com.google.common.jimfs.FileFactory,DirectorySupplier,data/processed/prompts/hublike_modularization/jimfs/com_google_common_jimfs_FileFactory_DirectorySupplier.txt,249,0
byte-buddy,Hublike Modularization,net.bytebuddy.build.gradle.android.ByteBuddyAndroidPlugin,VariantAction,data/processed/prompts/hublike_modularization/byte-buddy/net_bytebuddy_build_gradle_android_ByteBuddyAndroidPlugin_VariantAction.txt,442,0
byte-buddy,Hublike Modularization,net.bytebuddy.utility.JavaConstant,Dispatcher,data/processed/prompts/hublike_modularization/byte-buddy/net_bytebuddy_utility_JavaConstant_Dispatcher.txt,809,0
byte-buddy,Hublike Modularization,net.bytebuddy.description.type.TypeDescription,RetainedMethodTypeVariable,data/processed/prompts/hublike_modularization/byte-buddy/net_bytebuddy_description_type_TypeDescription_RetainedMethodTypeVariable.txt,421,0
commons-lang,Hublike Modularization,org.apache.commons.lang3.function,FailableLongUnaryOperator,data/processed/prompts/hublike_modularization/commons-lang/org_apache_commons_lang3_function_FailableLongUnaryOperator.txt,250,0
google-java-format,Hublike Modularization,com.google.googlejavaformat,Indent,data/processed/prompts/hublike_modularization/google-java-format/com_google_googlejavaformat_Indent.txt,1150,0
google-java-format,Hublike Modularization,com.google.googlejavaformat.java.javadoc,JavadocWriter,data/processed/prompts/hublike_modularization/google-java-format/com_google_googlejavaformat_java_javadoc_JavadocWriter.txt,623,0
javaparser,Hublike Modularization,com.github.javaparser.symbolsolver.reflectionmodel,ReflectionInterfaceDeclaration,data/processed/prompts/hublike_modularization/javaparser/com_github_javaparser_symbolsolver_reflectionmodel_ReflectionInterfaceDeclaration.txt,2512,0
javaparser,Hublike Modularization,com.example,ConstructorParameterTest,data/processed/prompts/hublike_modularization/javaparser/com_example_ConstructorParameterTest.txt,290,0
byte-buddy,Hublike Modularization,net.bytebuddy.implementation.bytecode.StackManipulation,Trivial,data/processed/prompts/hublike_modularization/byte-buddy/net_bytebuddy_implementation_bytecode_StackManipulation_Trivial.txt,725,0
byte-buddy,Hublike Modularization,net.bytebuddy.dynamic.loading.ClassReloadingStrategy,Disabled,data/processed/prompts/hublike_modularization/byte-buddy/net_bytebuddy_dynamic_loading_ClassReloadingStrategy_Disabled.txt,428,0
zxing,Hublike Modularization,com.google.zxing.oned,MultiFormatUPCEANReader,data/processed/prompts/hublike_modularization/zxing/com_google_zxing_oned_MultiFormatUPCEANReader.txt,632,0
javaparser,Hublike Modularization,com.github.javaparser.utils,SourceZip,data/processed/prompts/hublike_modularization/javaparser/com_github_javaparser_utils_SourceZip.txt,762,0
gson,Hublike Modularization,com.google.gson,JsonParser,data/processed/prompts/hublike_modularization/gson/com_google_gson_JsonParser.txt,765,0
javaparser,Hublike Modularization,com.github.javaparser.metamodel,JavadocCommentMetaModel,data/processed/prompts/hublike_modularization/javaparser/com_github_javaparser_metamodel_JavadocCommentMetaModel.txt,2124,0
zxing,Hublike Modularization,com.google.zxing.client.android.camera,AutoFocusManager,data/processed/prompts/hublike_modularization/zxing/com_google_zxing_client_android_camera_AutoFocusManager.txt,444,0
javaparser,Hublike Modularization,com.github.javaparser.ast.observer,AstObserverAdapter,data/processed/prompts/hublike_modularization/javaparser/com_github_javaparser_ast_observer_AstObserverAdapter.txt,771,0
jitwatch,Hublike Modularization,org.adoptopenjdk.jitwatch.report,Report,data/processed/prompts/hublike_modularization/jitwatch/org_adoptopenjdk_jitwatch_report_Report.txt,2074,0
jitwatch,Hublike Modularization,org.adoptopenjdk.jitwatch.histo,AttributeNameHistoWalker,data/processed/prompts/hublike_modularization/jitwatch/org_adoptopenjdk_jitwatch_histo_AttributeNameHistoWalker.txt,543,0
jsoup,Hublike Modularization,org.jsoup.safety.Safelist,Protocol,data/processed/prompts/hublike_modularization/jsoup/org_jsoup_safety_Safelist_Protocol.txt,360,0
byte-buddy,Hublike Modularization,net.bytebuddy.implementation.bytecode.member,FieldAccess,data/processed/prompts/hublike_modularization/byte-buddy/net_bytebuddy_implementation_bytecode_member_FieldAccess.txt,2293,0
byte-buddy,Hublike Modularization,net.bytebuddy.implementation.MethodCall,ForInstrumentedMethod,data/processed/prompts/hublike_modularization/byte-buddy/net_bytebuddy_implementation_MethodCall_ForInstrumentedMethod.txt,1362,0
commons-lang,Hublike Modularization,org.apache.commons.lang3.compare,ComparableUtils,data/processed/prompts/hublike_modularization/commons-lang/org_apache_commons_lang3_compare_ComparableUtils.txt,300,0
zxing,Hublike Modularization,com.google.zxing.pdf417.detector,Detector,data/processed/prompts/hublike_modularization/zxing/com_google_zxing_pdf417_detector_Detector.txt,674,0
javaparser,Hublike Modularization,com.github.javaparser.metamodel,TypeParameterMetaModel,data/processed/prompts/hublike_modularization/javaparser/com_github_javaparser_metamodel_TypeParameterMetaModel.txt,2267,0
byte-buddy,Hublike Modularization,net.bytebuddy.build.gradle.android.ByteBuddyAndroidService,Parameters,data/processed/prompts/hublike_modularization/byte-buddy/net_bytebuddy_build_gradle_android_ByteBuddyAndroidService_Parameters.txt,250,0
commons-lang,Hublike Modularization,org.apache.commons.lang3.concurrent.locks,LockingVisitors,data/processed/prompts/hublike_modularization/commons-lang/org_apache_commons_lang3_concurrent_locks_LockingVisitors.txt,416,0
jsoup,Hublike Modularization,org.jsoup.helper,ValidationException,data/processed/prompts/hublike_modularization/jsoup/org_jsoup_helper_ValidationException.txt,244,0
jitwatch,Hublike Modularization,org.adoptopenjdk.jitwatch.ui.compilechain,CompileChainStage,data/processed/prompts/hublike_modularization/jitwatch/org_adoptopenjdk_jitwatch_ui_compilechain_CompileChainStage.txt,3042,0
javaparser,Hublike Modularization,com.github.javaparser.generator.core.visitor,EqualsVisitorGenerator,data/processed/prompts/hublike_modularization/javaparser/com_github_javaparser_generator_core_visitor_EqualsVisitorGenerator.txt,1247,0
commons-lang,Hublike Modularization,org.apache.commons.lang3.event.EventUtils,EventBindingInvocationHandler,data/processed/prompts/hublike_modularization/commons-lang/org_apache_commons_lang3_event_EventUtils_EventBindingInvocationHandler.txt,299,0
byte-buddy,Hublike Modularization,net.bytebuddy.matcher,HasSuperTypeMatcher,data/processed/prompts/hublike_modularization/byte-buddy/net_bytebuddy_matcher_HasSuperTypeMatcher.txt,1196,0
commons-lang,Hublike Modularization,org.apache.commons.lang3.ThreadUtils,ThreadPredicate,data/processed/prompts/hublike_modularization/commons-lang/org_apache_commons_lang3_ThreadUtils_ThreadPredicate.txt,331,0
jsoup,Hublike Modularization,org.jsoup.safety.Safelist,TypedValue,data/processed/prompts/hublike_modularization/jsoup/org_jsoup_safety_Safelist_TypedValue.txt,247,0
jitwatch,Hublike Modularization,org.adoptopenjdk.jitwatch.jarscan.invokecount,InvokeCountOperation,data/processed/prompts/hublike_modularization/jitwatch/org_adoptopenjdk_jitwatch_jarscan_invokecount_InvokeCountOperation.txt,1252,0
byte-buddy,Hublike Modularization,net.bytebuddy.matcher,BooleanMatcher,data/processed/prompts/hublike_modularization/byte-buddy/net_bytebuddy_matcher_BooleanMatcher.txt,559,0
jimfs,Hublike Modularization,com.google.common.jimfs.AbstractWatchService,Event,data/processed/prompts/hublike_modularization/jimfs/com_google_common_jimfs_AbstractWatchService_Event.txt,249,0
javaparser,Hublike Modularization,com.github.javaparser.resolution.declarations,ResolvedTypeParametrizable,data/processed/prompts/hublike_modularization/javaparser/com_github_javaparser_resolution_declarations_ResolvedTypeParametrizable.txt,1179,0
google-java-format,Hublike Modularization,com.google.googlejavaformat,FormattingError,data/processed/prompts/hublike_modularization/google-java-format/com_google_googlejavaformat_FormattingError.txt,289,0
javaparser,Hublike Modularization,com.github.javaparser.utils.SourceRoot,VisitFileCallback,data/processed/prompts/hublike_modularization/javaparser/com_github_javaparser_utils_SourceRoot_VisitFileCallback.txt,387,0
zxing,Hublike Modularization,com.google.zxing.maxicode.decoder,Decoder,data/processed/prompts/hublike_modularization/zxing/com_google_zxing_maxicode_decoder_Decoder.txt,814,0
commons-io,Hublike Modularization,org.apache.commons.io.build.AbstractOrigin,AbstractRandomAccessFileOrigin,data/processed/prompts/hublike_modularization/commons-io/org_apache_commons_io_build_AbstractOrigin_AbstractRandomAccessFileOrigin.txt,251,0
byte-buddy,Hublike Modularization,net.bytebuddy.matcher,DefinedShapeMatcher,data/processed/prompts/hublike_modularization/byte-buddy/net_bytebuddy_matcher_DefinedShapeMatcher.txt,414,0
zxing,Hublike Modularization,com.google.zxing,MultiFormatWriter,data/processed/prompts/hublike_modularization/zxing/com_google_zxing_MultiFormatWriter.txt,378,0
commons-lang,Hublike Modularization,org.apache.commons.lang3.exception,ExceptionContext,data/processed/prompts/hublike_modularization/commons-lang/org_apache_commons_lang3_exception_ExceptionContext.txt,360,0
javaparser,Hublike Modularization,implements.duplicate,A,data/processed/prompts/hublike_modularization/javaparser/implements_duplicate_A.txt,242,0
gson,Hublike Modularization,com.google.gson.internal.bind,NumberTypeAdapter,data/processed/prompts/hublike_modularization/gson/com_google_gson_internal_bind_NumberTypeAdapter.txt,1428,0
byte-buddy,Hublike Modularization,net.bytebuddy.implementation.bind.annotation.TargetMethodAnnotationDrivenBinder,OfConstant,data/processed/prompts/hublike_modularization/byte-buddy/net_bytebuddy_implementation_bind_annotation_TargetMethodAnnotationDrivenBinder_OfConstant.txt,448,0
commons-io,Hublike Modularization,org.apache.commons.io.file,SimplePathVisitor,data/processed/prompts/hublike_modularization/commons-io/org_apache_commons_io_file_SimplePathVisitor.txt,537,0
jsoup,Hublike Modularization,org.jsoup.examples,ListLinks,data/processed/prompts/hublike_modularization/jsoup/org_jsoup_examples_ListLinks.txt,631,0
gson,Hublike Modularization,com.google.gson.internal.bind.ReflectiveTypeAdapterFactory,Adapter,data/processed/prompts/hublike_modularization/gson/com_google_gson_internal_bind_ReflectiveTypeAdapterFactory_Adapter.txt,290,0
jitwatch,Hublike Modularization,org.adoptopenjdk.jitwatch.ui.compilationchooser,CompilationChooser,data/processed/prompts/hublike_modularization/jitwatch/org_adoptopenjdk_jitwatch_ui_compilationchooser_CompilationChooser.txt,1335,0
javaparser,Hublike Modularization,com.github.javaparser,ParserConfiguration,data/processed/prompts/hublike_modularization/javaparser/com_github_javaparser_ParserConfiguration.txt,3704,0
byte-buddy,Hublike Modularization,net.bytebuddy.implementation.bind.MethodDelegationBinder,ParameterBinding,data/processed/prompts/hublike_modularization/byte-buddy/net_bytebuddy_implementation_bind_MethodDelegationBinder_ParameterBinding.txt,779,0
jitwatch,Hublike Modularization,org.adoptopenjdk.jitwatch.compilation,CompilationUtil,data/processed/prompts/hublike_modularization/jitwatch/org_adoptopenjdk_jitwatch_compilation_CompilationUtil.txt,2936,0
byte-buddy,Hublike Modularization,net.bytebuddy.pool.TypePool,Loadable,data/processed/prompts/hublike_modularization/byte-buddy/net_bytebuddy_pool_TypePool_Loadable.txt,430,0
byte-buddy,Hublike Modularization,net.bytebuddy.implementation.MethodCall,WithImplicitType,data/processed/prompts/hublike_modularization/byte-buddy/net_bytebuddy_implementation_MethodCall_WithImplicitType.txt,1361,0
javaparser,Hublike Modularization,main.GrandParent,MyEnum,data/processed/prompts/hublike_modularization/javaparser/main_GrandParent_MyEnum.txt,244,0
byte-buddy,Hublike Modularization,net.bytebuddy.agent.VirtualMachine,NamedPipeResponse,data/processed/prompts/hublike_modularization/byte-buddy/net_bytebuddy_agent_VirtualMachine_NamedPipeResponse.txt,248,0
byte-buddy,Hublike Modularization,net.bytebuddy.build.AndroidDescriptor,Trivial,data/processed/prompts/hublike_modularization/byte-buddy/net_bytebuddy_build_AndroidDescriptor_Trivial.txt,247,0
jitwatch,Hublike Modularization,org.adoptopenjdk.jitwatch.model,CompilerName,data/processed/prompts/hublike_modularization/jitwatch/org_adoptopenjdk_jitwatch_model_CompilerName.txt,250,0
javaparser,Hublike Modularization,com.github.javaparser.generator.core.node,ReplaceMethodGenerator,data/processed/prompts/hublike_modularization/javaparser/com_github_javaparser_generator_core_node_ReplaceMethodGenerator.txt,1884,0
zxing,Hublike Modularization,com.google.zxing.pdf417.decoder.ec,ErrorCorrection,data/processed/prompts/hublike_modularization/zxing/com_google_zxing_pdf417_decoder_ec_ErrorCorrection.txt,685,0
byte-buddy,Hublike Modularization,net.bytebuddy.build.Plugin,CompoundIterator,data/processed/prompts/hublike_modularization/byte-buddy/net_bytebuddy_build_Plugin_CompoundIterator.txt,247,0
commons-lang,Hublike Modularization,org.apache.commons.lang3.function,FailableIntUnaryOperator,data/processed/prompts/hublike_modularization/commons-lang/org_apache_commons_lang3_function_FailableIntUnaryOperator.txt,250,0
zxing,Hublike Modularization,com.google.zxing.client.android.share,BookmarkPickerActivity,data/processed/prompts/hublike_modularization/zxing/com_google_zxing_client_android_share_BookmarkPickerActivity.txt,293,0
zxing,Hublike Modularization,com.google.zxing.web,DecodeServlet,data/processed/prompts/hublike_modularization/zxing/com_google_zxing_web_DecodeServlet.txt,789,0
byte-buddy,Hublike Modularization,net.bytebuddy.description.type.TypeList,ForDetachedTypes,data/processed/prompts/hublike_modularization/byte-buddy/net_bytebuddy_description_type_TypeList_ForDetachedTypes.txt,1160,0
jsoup,Hublike Modularization,org.jsoup.select.Evaluator,AttributeWithValueContaining,data/processed/prompts/hublike_modularization/jsoup/org_jsoup_select_Evaluator_AttributeWithValueContaining.txt,247,0
javaparser,Hublike Modularization,(default package).EnumWithInnerType,EnumInner,data/processed/prompts/hublike_modularization/javaparser/(default package)_EnumWithInnerType_EnumInner.txt,247,0
jitwatch,Hublike Modularization,org.adoptopenjdk.jitwatch.ui.viewer,AbstractTextViewerStage,data/processed/prompts/hublike_modularization/jitwatch/org_adoptopenjdk_jitwatch_ui_viewer_AbstractTextViewerStage.txt,1314,0
byte-buddy,Hublike Modularization,net.bytebuddy.ClassFileVersion,Resolver,data/processed/prompts/hublike_modularization/byte-buddy/net_bytebuddy_ClassFileVersion_Resolver.txt,448,0
zxing,Hublike Modularization,com.google.zxing.integration.android,IntentResult,data/processed/prompts/hublike_modularization/zxing/com_google_zxing_integration_android_IntentResult.txt,291,0
jsoup,Hublike Modularization,org.jsoup.select.Evaluator,ContainsWholeOwnText,data/processed/prompts/hublike_modularization/jsoup/org_jsoup_select_Evaluator_ContainsWholeOwnText.txt,247,0
jimfs,Hublike Modularization,com.google.common.jimfs.AbstractWatchService,State,data/processed/prompts/hublike_modularization/jimfs/com_google_common_jimfs_AbstractWatchService_State.txt,309,0
jsoup,Hublike Modularization,org.jsoup.select.Evaluator,Class,data/processed/prompts/hublike_modularization/jsoup/org_jsoup_select_Evaluator_Class.txt,244,0
jitwatch,Hublike Modularization,org.adoptopenjdk.jitwatch.core.JITWatchConfig,BackgroundCompilation,data/processed/prompts/hublike_modularization/jitwatch/org_adoptopenjdk_jitwatch_core_JITWatchConfig_BackgroundCompilation.txt,413,0
zxing,Hublike Modularization,com.google.zxing.datamatrix.decoder,Decoder,data/processed/prompts/hublike_modularization/zxing/com_google_zxing_datamatrix_decoder_Decoder.txt,991,0
commons-lang,Hublike Modularization,org.apache.commons.lang3.function,FailableDoublePredicate,data/processed/prompts/hublike_modularization/commons-lang/org_apache_commons_lang3_function_FailableDoublePredicate.txt,249,0
byte-buddy,Hublike Modularization,net.bytebuddy.description.method.ParameterList,OfLegacyVmMethod,data/processed/prompts/hublike_modularization/byte-buddy/net_bytebuddy_description_method_ParameterList_OfLegacyVmMethod.txt,623,0
javaparser,Hublike Modularization,com.github.javaparser.printer.lexicalpreservation,ChildTextElement,data/processed/prompts/hublike_modularization/javaparser/com_github_javaparser_printer_lexicalpreservation_ChildTextElement.txt,1915,0
byte-buddy,Hublike Modularization,net.bytebuddy.dynamic.DynamicType,FieldDefinitionAdapter,data/processed/prompts/hublike_modularization/byte-buddy/net_bytebuddy_dynamic_DynamicType_FieldDefinitionAdapter.txt,747,0
byte-buddy,Hublike Modularization,net.bytebuddy.dynamic.loading.ClassLoadingStrategy,InjectionDispatcher,data/processed/prompts/hublike_modularization/byte-buddy/net_bytebuddy_dynamic_loading_ClassLoadingStrategy_InjectionDispatcher.txt,933,0
google-java-format,Hublike Modularization,com.google.googlejavaformat.java.RemoveUnusedImports,UnusedImportScanner,data/processed/prompts/hublike_modularization/google-java-format/com_google_googlejavaformat_java_RemoveUnusedImports_UnusedImportScanner.txt,350,0
javaparser,Hublike Modularization,com.github.javaparser.resolution.logic,MethodResolutionLogic,data/processed/prompts/hublike_modularization/javaparser/com_github_javaparser_resolution_logic_MethodResolutionLogic.txt,6672,0
gson,Hublike Modularization,com.google.gson.internal.bind.CollectionTypeAdapterFactory,Adapter,data/processed/prompts/hublike_modularization/gson/com_google_gson_internal_bind_CollectionTypeAdapterFactory_Adapter.txt,548,0
javaparser,Hublike Modularization,com.packageName,ClassInPackage,data/processed/prompts/hublike_modularization/javaparser/com_packageName_ClassInPackage.txt,284,0
byte-buddy,Hublike Modularization,net.bytebuddy.implementation.InvokeDynamic,Simple,data/processed/prompts/hublike_modularization/byte-buddy/net_bytebuddy_implementation_InvokeDynamic_Simple.txt,1084,0
jitwatch,Hublike Modularization,org.adoptopenjdk.jitwatch.process.compiler,CompilerJRuby,data/processed/prompts/hublike_modularization/jitwatch/org_adoptopenjdk_jitwatch_process_compiler_CompilerJRuby.txt,591,0
jitwatch,Hublike Modularization,org.adoptopenjdk.jitwatch.ui.graphing,CodeCacheStage,data/processed/prompts/hublike_modularization/jitwatch/org_adoptopenjdk_jitwatch_ui_graphing_CodeCacheStage.txt,2082,0
javaparser,Hublike Modularization,com.github.javaparser.resolution.declarations,ResolvedDeclaration,data/processed/prompts/hublike_modularization/javaparser/com_github_javaparser_resolution_declarations_ResolvedDeclaration.txt,702,0
javaparser,Hublike Modularization,foo.bar.AnInterface,ListChangeType,data/processed/prompts/hublike_modularization/javaparser/foo_bar_AnInterface_ListChangeType.txt,246,0
jitwatch,Hublike Modularization,(default package).PartialEscapeFail,EscapeConsumer,data/processed/prompts/hublike_modularization/jitwatch/(default package)_PartialEscapeFail_EscapeConsumer.txt,247,0
javaparser,Hublike Modularization,com.github.javaparser.ast.validator.postprocessors,Java24PostProcessor,data/processed/prompts/hublike_modularization/javaparser/com_github_javaparser_ast_validator_postprocessors_Java24PostProcessor.txt,252,0
byte-buddy,Hublike Modularization,net.bytebuddy.implementation.MethodAccessorFactory,Illegal,data/processed/prompts/hublike_modularization/byte-buddy/net_bytebuddy_implementation_MethodAccessorFactory_Illegal.txt,953,0
byte-buddy,Hublike Modularization,net.bytebuddy.NamingStrategy,AbstractBase,data/processed/prompts/hublike_modularization/byte-buddy/net_bytebuddy_NamingStrategy_AbstractBase.txt,962,0
javaparser,Hublike Modularization,com.github.javaparser.generator.core.visitor,VoidVisitorAdapterGenerator,data/processed/prompts/hublike_modularization/javaparser/com_github_javaparser_generator_core_visitor_VoidVisitorAdapterGenerator.txt,1248,0
byte-buddy,Hublike Modularization,net.bytebuddy.implementation.bytecode.member.FieldAccess,Defined,data/processed/prompts/hublike_modularization/byte-buddy/net_bytebuddy_implementation_bytecode_member_FieldAccess_Defined.txt,399,0
gson,Hublike Modularization,com.google.gson.internal,ReflectionAccessFilterHelper,data/processed/prompts/hublike_modularization/gson/com_google_gson_internal_ReflectionAccessFilterHelper.txt,684,0
byte-buddy,Hublike Modularization,net.bytebuddy.implementation.InvokeDynamic,ForNullValue,data/processed/prompts/hublike_modularization/byte-buddy/net_bytebuddy_implementation_InvokeDynamic_ForNullValue.txt,1152,0
commons-io,Hublike Modularization,org.apache.commons.io.function,Uncheck,data/processed/prompts/hublike_modularization/commons-io/org_apache_commons_io_function_Uncheck.txt,2159,0
zxing,Hublike Modularization,com.google.zxing.client.android,CaptureActivity,data/processed/prompts/hublike_modularization/zxing/com_google_zxing_client_android_CaptureActivity.txt,2279,0
jsoup,Hublike Modularization,org.jsoup.nodes,DocumentType,data/processed/prompts/hublike_modularization/jsoup/org_jsoup_nodes_DocumentType.txt,1199,0
byte-buddy,Hublike Modularization,net.bytebuddy.build.gradle.android.ByteBuddyAndroidPlugin,ForLegacyAndroid,data/processed/prompts/hublike_modularization/byte-buddy/net_bytebuddy_build_gradle_android_ByteBuddyAndroidPlugin_ForLegacyAndroid.txt,604,0
jitwatch,Hublike Modularization,(default package),SimpleInliningTest,data/processed/prompts/hublike_modularization/jitwatch/(default package)_SimpleInliningTest.txt,244,0
javaparser,Hublike Modularization,com.github.javaparser.ast.nodeTypes,NodeWithTraversableScope,data/processed/prompts/hublike_modularization/javaparser/com_github_javaparser_ast_nodeTypes_NodeWithTraversableScope.txt,252,0
zxing,Hublike Modularization,com.google.zxing.common.reedsolomon,GenericGF,data/processed/prompts/hublike_modularization/zxing/com_google_zxing_common_reedsolomon_GenericGF.txt,1549,0
byte-buddy,Hublike Modularization,net.bytebuddy.implementation.attribute.AnnotationAppender,ForTypeAnnotations,data/processed/prompts/hublike_modularization/byte-buddy/net_bytebuddy_implementation_attribute_AnnotationAppender_ForTypeAnnotations.txt,1337,0
byte-buddy,Hublike Modularization,net.bytebuddy.agent.ByteBuddyAgent,Disabled,data/processed/prompts/hublike_modularization/byte-buddy/net_bytebuddy_agent_ByteBuddyAgent_Disabled.txt,542,0
byte-buddy,Hublike Modularization,net.bytebuddy.dynamic.loading.ClassFilePostProcessor,ForClassFileTransformer,data/processed/prompts/hublike_modularization/byte-buddy/net_bytebuddy_dynamic_loading_ClassFilePostProcessor_ForClassFileTransformer.txt,266,0
byte-buddy,Hublike Modularization,net.bytebuddy.pool.TypePool,LazyInterface,data/processed/prompts/hublike_modularization/byte-buddy/net_bytebuddy_pool_TypePool_LazyInterface.txt,248,0
commons-lang,Hublike Modularization,org.apache.commons.lang3.concurrent.locks.LockingVisitors,LockVisitor,data/processed/prompts/hublike_modularization/commons-lang/org_apache_commons_lang3_concurrent_locks_LockingVisitors_LockVisitor.txt,252,0
zxing,Hublike Modularization,com.google.zxing.pdf417,PDF417Common,data/processed/prompts/hublike_modularization/zxing/com_google_zxing_pdf417_PDF417Common.txt,1093,0
javaparser,Hublike Modularization,com.github.javaparser.symbolsolver.cache,DefaultCacheStats,data/processed/prompts/hublike_modularization/javaparser/com_github_javaparser_symbolsolver_cache_DefaultCacheStats.txt,298,0
byte-buddy,Hublike Modularization,net.bytebuddy.dynamic.ClassFileLocator,ForFolder,data/processed/prompts/hublike_modularization/byte-buddy/net_bytebuddy_dynamic_ClassFileLocator_ForFolder.txt,316,0
javaparser,Hublike Modularization,(default package).InnerClassDotExpressions,InnerClass,data/processed/prompts/hublike_modularization/javaparser/(default package)_InnerClassDotExpressions_InnerClass.txt,247,0
byte-buddy,Hublike Modularization,net.bytebuddy.pool.TypePool,LazyParameterDescription,data/processed/prompts/hublike_modularization/byte-buddy/net_bytebuddy_pool_TypePool_LazyParameterDescription.txt,778,0
byte-buddy,Hublike Modularization,net.bytebuddy.asm.MemberSubstitution,OfGivenMethod,data/processed/prompts/hublike_modularization/byte-buddy/net_bytebuddy_asm_MemberSubstitution_OfGivenMethod.txt,563,0
zxing,Hublike Modularization,com.google.zxing.oned,ITFWriter,data/processed/prompts/hublike_modularization/zxing/com_google_zxing_oned_ITFWriter.txt,289,0
commons-lang,Hublike Modularization,org.apache.commons.lang3.concurrent,ConstantInitializer,data/processed/prompts/hublike_modularization/commons-lang/org_apache_commons_lang3_concurrent_ConstantInitializer.txt,304,0
jsoup,Hublike Modularization,org.jsoup.select.StructuralEvaluator,Not,data/processed/prompts/hublike_modularization/jsoup/org_jsoup_select_StructuralEvaluator_Not.txt,245,0
byte-buddy,Hublike Modularization,net.bytebuddy.dynamic.scaffold.TypeWriter,ForClassFileVersion,data/processed/prompts/hublike_modularization/byte-buddy/net_bytebuddy_dynamic_scaffold_TypeWriter_ForClassFileVersion.txt,369,0
zxing,Hublike Modularization,com.google.zxing.oned.rss.expanded.decoders,BlockParsedResult,data/processed/prompts/hublike_modularization/zxing/com_google_zxing_oned_rss_expanded_decoders_BlockParsedResult.txt,488,0
commons-lang,Hublike Modularization,org.apache.commons.lang3.function,FailableDoubleToLongFunction,data/processed/prompts/hublike_modularization/commons-lang/org_apache_commons_lang3_function_FailableDoubleToLongFunction.txt,251,0
commons-lang,Hublike Modularization,org.apache.commons.lang3.function,FailableObjIntConsumer,data/processed/prompts/hublike_modularization/commons-lang/org_apache_commons_lang3_function_FailableObjIntConsumer.txt,250,0
javaparser,Hublike Modularization,com.github.javaparser.resolution.types,ResolvedArrayType,data/processed/prompts/hublike_modularization/javaparser/com_github_javaparser_resolution_types_ResolvedArrayType.txt,2465,0
jsoup,Hublike Modularization,org.jsoup.nodes,NodeUtils,data/processed/prompts/hublike_modularization/jsoup/org_jsoup_nodes_NodeUtils.txt,1556,0
zxing,Hublike Modularization,com.google.zxing.client.result,SMSTOMMSTOResultParser,data/processed/prompts/hublike_modularization/zxing/com_google_zxing_client_result_SMSTOMMSTOResultParser.txt,380,0
commons-lang,Hublike Modularization,org.apache.commons.lang3.compare,ObjectToStringComparator,data/processed/prompts/hublike_modularization/commons-lang/org_apache_commons_lang3_compare_ObjectToStringComparator.txt,249,0
zxing,Hublike Modularization,com.google.zxing.client.result,TextParsedResult,data/processed/prompts/hublike_modularization/zxing/com_google_zxing_client_result_TextParsedResult.txt,295,0
jitwatch,Hublike Modularization,org.adoptopenjdk.jitwatch.ui.parserchooser,IParserSelectedListener,data/processed/prompts/hublike_modularization/jitwatch/org_adoptopenjdk_jitwatch_ui_parserchooser_IParserSelectedListener.txt,374,0
javaparser,Hublike Modularization,com.github.javaparser.utils,SourceRoot,data/processed/prompts/hublike_modularization/javaparser/com_github_javaparser_utils_SourceRoot.txt,5527,0
javaparser,Hublike Modularization,com.github.javaparser.resolution.types.parametrization,ResolvedTypeParameterValueProvider,data/processed/prompts/hublike_modularization/javaparser/com_github_javaparser_resolution_types_parametrization_ResolvedTypeParameterValueProvider.txt,645,0
byte-buddy,Hublike Modularization,net.bytebuddy.description.annotation.AnnotationValue,ForNonArrayType,data/processed/prompts/hublike_modularization/byte-buddy/net_bytebuddy_description_annotation_AnnotationValue_ForNonArrayType.txt,488,0
byte-buddy,Hublike Modularization,net.bytebuddy.implementation.bytecode,ShiftRight,data/processed/prompts/hublike_modularization/byte-buddy/net_bytebuddy_implementation_bytecode_ShiftRight.txt,902,0
jsoup,Hublike Modularization,org.jsoup.parser,TreeBuilder,data/processed/prompts/hublike_modularization/jsoup/org_jsoup_parser_TreeBuilder.txt,2415,0
byte-buddy,Hublike Modularization,net.bytebuddy.implementation.attribute.MethodAttributeAppender,Explicit,data/processed/prompts/hublike_modularization/byte-buddy/net_bytebuddy_implementation_attribute_MethodAttributeAppender_Explicit.txt,535,0
javaparser,Hublike Modularization,com.github.javaparser.printer.configuration,PrettyPrinterConfiguration,data/processed/prompts/hublike_modularization/javaparser/com_github_javaparser_printer_configuration_PrettyPrinterConfiguration.txt,2252,0
zxing,Hublike Modularization,com.google.zxing.datamatrix.decoder.Version,ECBlocks,data/processed/prompts/hublike_modularization/zxing/com_google_zxing_datamatrix_decoder_Version_ECBlocks.txt,309,0
javaparser,Hublike Modularization,com.github.javaparser.ast.observer,AstObserver,data/processed/prompts/hublike_modularization/javaparser/com_github_javaparser_ast_observer_AstObserver.txt,1878,0
byte-buddy,Hublike Modularization,net.bytebuddy.implementation.bind,MethodNameEqualityResolver,data/processed/prompts/hublike_modularization/byte-buddy/net_bytebuddy_implementation_bind_MethodNameEqualityResolver.txt,1260,0
jitwatch,Hublike Modularization,org.adoptopenjdk.jitwatch.chain,CompileNode,data/processed/prompts/hublike_modularization/jitwatch/org_adoptopenjdk_jitwatch_chain_CompileNode.txt,1396,0
byte-buddy,Hublike Modularization,net.bytebuddy.implementation.FieldAccessor,OwnerTypeLocatable,data/processed/prompts/hublike_modularization/byte-buddy/net_bytebuddy_implementation_FieldAccessor_OwnerTypeLocatable.txt,611,0
javaparser,Hublike Modularization,com.github.javaparser.ast.validator.language.level.validations.chunks,ModifierValidator,data/processed/prompts/hublike_modularization/javaparser/com_github_javaparser_ast_validator_language_level_validations_chunks_ModifierValidator.txt,3122,0
gson,Hublike Modularization,com.example.NoSerializedNameMain,TestClassHasArgsConstructor,data/processed/prompts/hublike_modularization/gson/com_example_NoSerializedNameMain_TestClassHasArgsConstructor.txt,337,0
byte-buddy,Hublike Modularization,net.bytebuddy.dynamic.loading.ClassInjector,Target,data/processed/prompts/hublike_modularization/byte-buddy/net_bytebuddy_dynamic_loading_ClassInjector_Target.txt,581,0
jimfs,Hublike Modularization,com.google.common.jimfs.OwnerAttributeProvider,View,data/processed/prompts/hublike_modularization/jimfs/com_google_common_jimfs_OwnerAttributeProvider_View.txt,249,0
google-java-format,Hublike Modularization,com.google.googlejavaformat.java.ModifierOrderer,ModifierTokens,data/processed/prompts/hublike_modularization/google-java-format/com_google_googlejavaformat_java_ModifierOrderer_ModifierTokens.txt,324,0
jitwatch,Hublike Modularization,org.adoptopenjdk.jitwatch.parser.hotspot,HotSpotLogParser,data/processed/prompts/hublike_modularization/jitwatch/org_adoptopenjdk_jitwatch_parser_hotspot_HotSpotLogParser.txt,1044,0
jitwatch,Hublike Modularization,(default package),LoopUnroll,data/processed/prompts/hublike_modularization/jitwatch/(default package)_LoopUnroll.txt,244,0
byte-buddy,Hublike Modularization,net.bytebuddy.implementation.bytecode.constant,DefaultValue,data/processed/prompts/hublike_modularization/byte-buddy/net_bytebuddy_implementation_bytecode_constant_DefaultValue.txt,2195,0
byte-buddy,Hublike Modularization,net.bytebuddy.description.type.TypeList,Explicit,data/processed/prompts/hublike_modularization/byte-buddy/net_bytebuddy_description_type_TypeList_Explicit.txt,964,0
byte-buddy,Hublike Modularization,net.bytebuddy.dynamic.DynamicType,SimpleParameterAnnotationAdapter,data/processed/prompts/hublike_modularization/byte-buddy/net_bytebuddy_dynamic_DynamicType_SimpleParameterAnnotationAdapter.txt,790,0
byte-buddy,Hublike Modularization,net.bytebuddy.description.type.TypeDescription,ForLoadedExecutableParameterType,data/processed/prompts/hublike_modularization/byte-buddy/net_bytebuddy_description_type_TypeDescription_ForLoadedExecutableParameterType.txt,497,0
byte-buddy,Hublike Modularization,net.bytebuddy.description.type.TypeDescription,TypeVariableSubstitutor,data/processed/prompts/hublike_modularization/byte-buddy/net_bytebuddy_description_type_TypeDescription_TypeVariableSubstitutor.txt,658,0
byte-buddy,Hublike Modularization,net.bytebuddy.asm.TypeReferenceAdjustment,TypeReferenceClassVisitor,data/processed/prompts/hublike_modularization/byte-buddy/net_bytebuddy_asm_TypeReferenceAdjustment_TypeReferenceClassVisitor.txt,1154,0
commons-io,Hublike Modularization,org.apache.commons.io.comparator,AbstractFileComparator,data/processed/prompts/hublike_modularization/commons-io/org_apache_commons_io_comparator_AbstractFileComparator.txt,248,0
byte-buddy,Hublike Modularization,net.bytebuddy.dynamic.scaffold.TypeWriter,ForRecord,data/processed/prompts/hublike_modularization/byte-buddy/net_bytebuddy_dynamic_scaffold_TypeWriter_ForRecord.txt,1108,0
javaparser,Hublike Modularization,(default package).Issue300,B,data/processed/prompts/hublike_modularization/javaparser/(default package)_Issue300_B.txt,244,0
byte-buddy,Hublike Modularization,net.bytebuddy.utility.AsmClassReader,Default,data/processed/prompts/hublike_modularization/byte-buddy/net_bytebuddy_utility_AsmClassReader_Default.txt,906,0
javaparser,Hublike Modularization,a,RefClass2,data/processed/prompts/hublike_modularization/javaparser/a_RefClass2.txt,243,0
javaparser,Hublike Modularization,com.github.javaparser.resolution,Solver,data/processed/prompts/hublike_modularization/javaparser/com_github_javaparser_resolution_Solver.txt,3151,0
javaparser,Hublike Modularization,issue241.TypeWithMemberType,MemberInterface,data/processed/prompts/hublike_modularization/javaparser/issue241_TypeWithMemberType_MemberInterface.txt,247,0
javaparser,Hublike Modularization,foo,Foo,data/processed/prompts/hublike_modularization/javaparser/foo_Foo.txt,274,0
javaparser,Hublike Modularization,com.github.javaparser.resolution.types,ResolvedWildcard,data/processed/prompts/hublike_modularization/javaparser/com_github_javaparser_resolution_types_ResolvedWildcard.txt,3231,0
javaparser,Hublike Modularization,com.github.javaparser.utils,Log,data/processed/prompts/hublike_modularization/javaparser/com_github_javaparser_utils_Log.txt,501,0
javaparser,Hublike Modularization,com.github.javaparser.symbolsolver.javaparsermodel.declarators,TypePatternSymbolDeclarator,data/processed/prompts/hublike_modularization/javaparser/com_github_javaparser_symbolsolver_javaparsermodel_declarators_TypePatternSymbolDeclarator.txt,775,0
javaparser,Hublike Modularization,com.github.javaparser.metamodel,BinaryExprMetaModel,data/processed/prompts/hublike_modularization/javaparser/com_github_javaparser_metamodel_BinaryExprMetaModel.txt,2240,0
javaparser,Hublike Modularization,com.github.javaparser.serialization.JavaParserJsonSerializer,JsonNode,data/processed/prompts/hublike_modularization/javaparser/com_github_javaparser_serialization_JavaParserJsonSerializer_JsonNode.txt,2184,0
zxing,Hublike Modularization,com.google.zxing.client.android.camera,CameraManager,data/processed/prompts/hublike_modularization/zxing/com_google_zxing_client_android_camera_CameraManager.txt,1132,0
byte-buddy,Hublike Modularization,net.bytebuddy.implementation.FixedValue,ForOriginType,data/processed/prompts/hublike_modularization/byte-buddy/net_bytebuddy_implementation_FixedValue_ForOriginType.txt,1096,0
jsoup,Hublike Modularization,org.jsoup.select.Evaluator,IndexEquals,data/processed/prompts/hublike_modularization/jsoup/org_jsoup_select_Evaluator_IndexEquals.txt,245,0
byte-buddy,Hublike Modularization,net.bytebuddy.dynamic.ClassFileLocator,Compound,data/processed/prompts/hublike_modularization/byte-buddy/net_bytebuddy_dynamic_ClassFileLocator_Compound.txt,262,0
byte-buddy,Hublike Modularization,net.bytebuddy.dynamic.loading.ByteArrayClassLoader,CreationAction,data/processed/prompts/hublike_modularization/byte-buddy/net_bytebuddy_dynamic_loading_ByteArrayClassLoader_CreationAction.txt,608,0
javaparser,Hublike Modularization,com.github.javaparser.generator.core.other,BndGenerator,data/processed/prompts/hublike_modularization/javaparser/com_github_javaparser_generator_core_other_BndGenerator.txt,400,0
byte-buddy,Hublike Modularization,net.bytebuddy.dynamic.loading.MultipleParentClassLoader,CompoundEnumeration,data/processed/prompts/hublike_modularization/byte-buddy/net_bytebuddy_dynamic_loading_MultipleParentClassLoader_CompoundEnumeration.txt,251,0
commons-lang,Hublike Modularization,org.apache.commons.lang3.concurrent,MultiBackgroundInitializer,data/processed/prompts/hublike_modularization/commons-lang/org_apache_commons_lang3_concurrent_MultiBackgroundInitializer.txt,455,0
byte-buddy,Hublike Modularization,net.bytebuddy.build.gradle.android.ByteBuddyAndroidPlugin,ByteBuddyTransformationConfiguration,data/processed/prompts/hublike_modularization/byte-buddy/net_bytebuddy_build_gradle_android_ByteBuddyAndroidPlugin_ByteBuddyTransformationConfiguration.txt,291,0
javaparser,Hublike Modularization,com.github.javaparser.resolution.logic,ConstructorResolutionLogic,data/processed/prompts/hublike_modularization/javaparser/com_github_javaparser_resolution_logic_ConstructorResolutionLogic.txt,1970,0
byte-buddy,Hublike Modularization,net.bytebuddy.build.RenamingPlugin,NoOp,data/processed/prompts/hublike_modularization/byte-buddy/net_bytebuddy_build_RenamingPlugin_NoOp.txt,248,0
byte-buddy,Hublike Modularization,net.bytebuddy.android.AndroidClassLoadingStrategy,Wrapping,data/processed/prompts/hublike_modularization/byte-buddy/net_bytebuddy_android_AndroidClassLoadingStrategy_Wrapping.txt,250,0
commons-lang,Hublike Modularization,org.apache.commons.lang3.function,FailableObjLongConsumer,data/processed/prompts/hublike_modularization/commons-lang/org_apache_commons_lang3_function_FailableObjLongConsumer.txt,250,0
javaparser,Hublike Modularization,com.github.javaparser.ast.observer,PropagatingAstObserver,data/processed/prompts/hublike_modularization/javaparser/com_github_javaparser_ast_observer_PropagatingAstObserver.txt,1197,0
javaparser,Hublike Modularization,com.github.javaparser.printer.concretesyntaxmodel,CsmComment,data/processed/prompts/hublike_modularization/javaparser/com_github_javaparser_printer_concretesyntaxmodel_CsmComment.txt,966,0
byte-buddy,Hublike Modularization,net.bytebuddy.implementation.InvocationHandlerAdapter,AssignerConfigurable,data/processed/prompts/hublike_modularization/byte-buddy/net_bytebuddy_implementation_InvocationHandlerAdapter_AssignerConfigurable.txt,941,0
javaparser,Hublike Modularization,com.github.javaparser.symbolsolver.reflectionmodel.comparators,MethodComparator,data/processed/prompts/hublike_modularization/javaparser/com_github_javaparser_symbolsolver_reflectionmodel_comparators_MethodComparator.txt,1010,0
byte-buddy,Hublike Modularization,net.bytebuddy.implementation.bytecode.constant,LongConstant,data/processed/prompts/hublike_modularization/byte-buddy/net_bytebuddy_implementation_bytecode_constant_LongConstant.txt,977,0
zxing,Hublike Modularization,com.google.zxing.pdf417.decoder,BoundingBox,data/processed/prompts/hublike_modularization/zxing/com_google_zxing_pdf417_decoder_BoundingBox.txt,911,0
javaparser,Hublike Modularization,com.github.javaparser.javasymbolsolver.javassist.symbols.main.jar,ConcreteEnum,data/processed/prompts/hublike_modularization/javaparser/com_github_javaparser_javasymbolsolver_javassist_symbols_main_jar_ConcreteEnum.txt,256,0
zxing,Hublike Modularization,com.google.zxing.common.reedsolomon,ReedSolomonEncoder,data/processed/prompts/hublike_modularization/zxing/com_google_zxing_common_reedsolomon_ReedSolomonEncoder.txt,495,0
byte-buddy,Hublike Modularization,net.bytebuddy.dynamic.scaffold.InstrumentedType,WithFlexibleName,data/processed/prompts/hublike_modularization/byte-buddy/net_bytebuddy_dynamic_scaffold_InstrumentedType_WithFlexibleName.txt,1039,0
byte-buddy,Hublike Modularization,net.bytebuddy.dynamic.loading.ClassInjector,Lookup,data/processed/prompts/hublike_modularization/byte-buddy/net_bytebuddy_dynamic_loading_ClassInjector_Lookup.txt,815,0
jitwatch,Hublike Modularization,org.adoptopenjdk.jitwatch.ui.sandbox,VMLanguageConfigStage,data/processed/prompts/hublike_modularization/jitwatch/org_adoptopenjdk_jitwatch_ui_sandbox_VMLanguageConfigStage.txt,672,0
zxing,Hublike Modularization,com.google.zxing.client.android,AmbientLightManager,data/processed/prompts/hublike_modularization/zxing/com_google_zxing_client_android_AmbientLightManager.txt,722,0
jitwatch,Hublike Modularization,org.adoptopenjdk.jitwatch.model.bytecode,BCParamConstant,data/processed/prompts/hublike_modularization/jitwatch/org_adoptopenjdk_jitwatch_model_bytecode_BCParamConstant.txt,610,0
javaparser,Hublike Modularization,main,GrandParent,data/processed/prompts/hublike_modularization/javaparser/main_GrandParent.txt,242,0
gson,Hublike Modularization,com.google.gson.internal.bind.ReflectiveTypeAdapterFactory,RecordAdapter,data/processed/prompts/hublike_modularization/gson/com_google_gson_internal_bind_ReflectiveTypeAdapterFactory_RecordAdapter.txt,251,0
byte-buddy,Hublike Modularization,net.bytebuddy.android.AndroidClassLoadingStrategy,ForAndroidPVm,data/processed/prompts/hublike_modularization/byte-buddy/net_bytebuddy_android_AndroidClassLoadingStrategy_ForAndroidPVm.txt,251,0
byte-buddy,Hublike Modularization,net.bytebuddy.dynamic.loading.ClassInjector,UsingUnsafe,data/processed/prompts/hublike_modularization/byte-buddy/net_bytebuddy_dynamic_loading_ClassInjector_UsingUnsafe.txt,1573,0
javaparser,Hublike Modularization,com.github.javaparser.metamodel,StringLiteralExprMetaModel,data/processed/prompts/hublike_modularization/javaparser/com_github_javaparser_metamodel_StringLiteralExprMetaModel.txt,2123,0
zxing,Hublike Modularization,com.google.zxing.aztec.encoder,Encoder,data/processed/prompts/hublike_modularization/zxing/com_google_zxing_aztec_encoder_Encoder.txt,701,0
byte-buddy,Hublike Modularization,net.bytebuddy.implementation.bytecode.StackManipulation,Illegal,data/processed/prompts/hublike_modularization/byte-buddy/net_bytebuddy_implementation_bytecode_StackManipulation_Illegal.txt,657,0
javaparser,Hublike Modularization,implements.duplicate.A,DuplicateTypeName,data/processed/prompts/hublike_modularization/javaparser/implements_duplicate_A_DuplicateTypeName.txt,246,0
zxing,Hublike Modularization,com.google.zxing.datamatrix.encoder.MinimalEncoder,Result,data/processed/prompts/hublike_modularization/zxing/com_google_zxing_datamatrix_encoder_MinimalEncoder_Result.txt,512,0
byte-buddy,Hublike Modularization,net.bytebuddy.implementation.Implementation,Composable,data/processed/prompts/hublike_modularization/byte-buddy/net_bytebuddy_implementation_Implementation_Composable.txt,1166,0
byte-buddy,Hublike Modularization,net.bytebuddy.dynamic.scaffold.TypeWriter,WithoutBody,data/processed/prompts/hublike_modularization/byte-buddy/net_bytebuddy_dynamic_scaffold_TypeWriter_WithoutBody.txt,1327,0
jitwatch,Hublike Modularization,(default package).PolymorphismTest,Quarter,data/processed/prompts/hublike_modularization/jitwatch/(default package)_PolymorphismTest_Quarter.txt,247,0
javaparser,Hublike Modularization,com.github.javaparser.symbolsolver.javaparsermodel.contexts,VariableDeclaratorContext,data/processed/prompts/hublike_modularization/javaparser/com_github_javaparser_symbolsolver_javaparsermodel_contexts_VariableDeclaratorContext.txt,932,0
jsoup,Hublike Modularization,org.jsoup.parser.Token,EndTag,data/processed/prompts/hublike_modularization/jsoup/org_jsoup_parser_Token_EndTag.txt,382,0
google-java-format,Hublike Modularization,com.google.googlejavaformat.java.JavaInputAstVisitor,AllowLeadingBlankLine,data/processed/prompts/hublike_modularization/google-java-format/com_google_googlejavaformat_java_JavaInputAstVisitor_AllowLeadingBlankLine.txt,573,0
zxing,Hublike Modularization,com.google.zxing.oned.rss,FinderPattern,data/processed/prompts/hublike_modularization/zxing/com_google_zxing_oned_rss_FinderPattern.txt,802,0
jitwatch,Hublike Modularization,org.adoptopenjdk.jitwatch.model.bytecode,UncommonTrap,data/processed/prompts/hublike_modularization/jitwatch/org_adoptopenjdk_jitwatch_model_bytecode_UncommonTrap.txt,704,0
jitwatch,Hublike Modularization,org.adoptopenjdk.jitwatch.jvmlang,LanguageManager,data/processed/prompts/hublike_modularization/jitwatch/org_adoptopenjdk_jitwatch_jvmlang_LanguageManager.txt,2173,0
byte-buddy,Hublike Modularization,net.bytebuddy.implementation.bytecode.constant.MethodConstant,CachedConstructor,data/processed/prompts/hublike_modularization/byte-buddy/net_bytebuddy_implementation_bytecode_constant_MethodConstant_CachedConstructor.txt,1480,0
javaparser,Hublike Modularization,com.github.javaparser.symbolsolver.javassistmodel,JavassistParameterDeclaration,data/processed/prompts/hublike_modularization/javaparser/com_github_javaparser_symbolsolver_javassistmodel_JavassistParameterDeclaration.txt,665,0
byte-buddy,Hublike Modularization,net.bytebuddy.pool.TypePool,MethodTokenList,data/processed/prompts/hublike_modularization/byte-buddy/net_bytebuddy_pool_TypePool_MethodTokenList.txt,658,0
byte-buddy,Hublike Modularization,net.bytebuddy.dynamic.loading.ClassInjector,UsingInstrumentation,data/processed/prompts/hublike_modularization/byte-buddy/net_bytebuddy_dynamic_loading_ClassInjector_UsingInstrumentation.txt,828,0
google-java-format,Hublike Modularization,com.google.googlejavaformat.java.StringWrapper,LongStringsAndTextBlockScanner,data/processed/prompts/hublike_modularization/google-java-format/com_google_googlejavaformat_java_StringWrapper_LongStringsAndTextBlockScanner.txt,253,0
gson,Hublike Modularization,com.google.gson,JsonArray,data/processed/prompts/hublike_modularization/gson/com_google_gson_JsonArray.txt,865,0
byte-buddy,Hublike Modularization,net.bytebuddy.benchmark.jmh.generated.ClassByExtensionBenchmark.benchmarkByteBuddyWithProxy,jmhTest,data/processed/prompts/hublike_modularization/byte-buddy/net_bytebuddy_benchmark_jmh_generated_ClassByExtensionBenchmark_benchmarkByteBuddyWithProxy_jmhTest.txt,4453,0
javaparser,Hublike Modularization,com.github.javaparser.symbolsolver.cache,InMemoryCache,data/processed/prompts/hublike_modularization/javaparser/com_github_javaparser_symbolsolver_cache_InMemoryCache.txt,440,0
commons-io,Hublike Modularization,org.apache.commons.io.file.CountingPathVisitor,AbstractBuilder,data/processed/prompts/hublike_modularization/commons-io/org_apache_commons_io_file_CountingPathVisitor_AbstractBuilder.txt,470,0
javaparser,Hublike Modularization,package.c,c,data/processed/prompts/hublike_modularization/javaparser/package_c_c.txt,242,0
google-java-format,Hublike Modularization,com.google.googlejavaformat,DocBuilder,data/processed/prompts/hublike_modularization/google-java-format/com_google_googlejavaformat_DocBuilder.txt,779,0
byte-buddy,Hublike Modularization,net.bytebuddy.benchmark.jmh.generated.ClassByImplementationBenchmark.benchmarkCglib,jmhTest,data/processed/prompts/hublike_modularization/byte-buddy/net_bytebuddy_benchmark_jmh_generated_ClassByImplementationBenchmark_benchmarkCglib_jmhTest.txt,4397,0
javaparser,Hublike Modularization,com.github.javaparser.metamodel,UnionTypeMetaModel,data/processed/prompts/hublike_modularization/javaparser/com_github_javaparser_metamodel_UnionTypeMetaModel.txt,2256,0
byte-buddy,Hublike Modularization,net.bytebuddy.implementation.bind.MethodDelegationBinder,BindingResolver,data/processed/prompts/hublike_modularization/byte-buddy/net_bytebuddy_implementation_bind_MethodDelegationBinder_BindingResolver.txt,551,0
google-java-format,Hublike Modularization,com.google.googlejavaformat.java.JavacTokens,CommentSavingTokenizer,data/processed/prompts/hublike_modularization/google-java-format/com_google_googlejavaformat_java_JavacTokens_CommentSavingTokenizer.txt,319,0
gson,Hublike Modularization,com.google.gson.graph,GraphAdapterBuilder,data/processed/prompts/hublike_modularization/gson/com_google_gson_graph_GraphAdapterBuilder.txt,1013,0
jitwatch,Hublike Modularization,org.adoptopenjdk.jitwatch.util,TooltipUtil,data/processed/prompts/hublike_modularization/jitwatch/org_adoptopenjdk_jitwatch_util_TooltipUtil.txt,1170,0
javaparser,Hublike Modularization,package.b,b,data/processed/prompts/hublike_modularization/javaparser/package_b_b.txt,242,0
javaparser,Hublike Modularization,com.github.javaparser.symbolsolver.resolution.promotion,ConditionalExprResolver,data/processed/prompts/hublike_modularization/javaparser/com_github_javaparser_symbolsolver_resolution_promotion_ConditionalExprResolver.txt,1531,0
google-java-format,Hublike Modularization,com.google.googlejavaformat.java,Main,data/processed/prompts/hublike_modularization/google-java-format/com_google_googlejavaformat_java_Main.txt,655,0
jimfs,Hublike Modularization,com.google.common.jimfs,PathURLConnection,data/processed/prompts/hublike_modularization/jimfs/com_google_common_jimfs_PathURLConnection.txt,247,0
zxing,Hublike Modularization,com.google.zxing.web.DoSTracker,TrackerTask,data/processed/prompts/hublike_modularization/zxing/com_google_zxing_web_DoSTracker_TrackerTask.txt,251,0
byte-buddy,Hublike Modularization,net.bytebuddy.implementation.bytecode.member.MethodInvocation,OfGenericMethod,data/processed/prompts/hublike_modularization/byte-buddy/net_bytebuddy_implementation_bytecode_member_MethodInvocation_OfGenericMethod.txt,1492,0
byte-buddy,Hublike Modularization,net.bytebuddy.implementation.FixedValue,ForNullValue,data/processed/prompts/hublike_modularization/byte-buddy/net_bytebuddy_implementation_FixedValue_ForNullValue.txt,733,0
commons-lang,Hublike Modularization,org.apache.commons.lang3.function,FailableRunnable,data/processed/prompts/hublike_modularization/commons-lang/org_apache_commons_lang3_function_FailableRunnable.txt,711,0
commons-io,Hublike Modularization,org.apache.commons.io.input,ClassLoaderObjectInputStream,data/processed/prompts/hublike_modularization/commons-io/org_apache_commons_io_input_ClassLoaderObjectInputStream.txt,249,0
commons-io,Hublike Modularization,org.apache.commons.io.function,IOBiConsumer,data/processed/prompts/hublike_modularization/commons-io/org_apache_commons_io_function_IOBiConsumer.txt,1249,0
byte-buddy,Hublike Modularization,net.bytebuddy.dynamic.scaffold.subclass.ConstructorStrategy,WithMethodAttributeAppenderFactory,data/processed/prompts/hublike_modularization/byte-buddy/net_bytebuddy_dynamic_scaffold_subclass_ConstructorStrategy_WithMethodAttributeAppenderFactory.txt,707,0
commons-io,Hublike Modularization,org.apache.commons.io.channels,ByteArraySeekableByteChannel,data/processed/prompts/hublike_modularization/commons-io/org_apache_commons_io_channels_ByteArraySeekableByteChannel.txt,479,0
byte-buddy,Hublike Modularization,net.bytebuddy.implementation.SuperMethodCall,TerminationHandler,data/processed/prompts/hublike_modularization/byte-buddy/net_bytebuddy_implementation_SuperMethodCall_TerminationHandler.txt,385,0
jitwatch,Hublike Modularization,org.adoptopenjdk.jitwatch.model.bytecode,LineTable,data/processed/prompts/hublike_modularization/jitwatch/org_adoptopenjdk_jitwatch_model_bytecode_LineTable.txt,1711,0
byte-buddy,Hublike Modularization,net.bytebuddy.description.field.FieldDescription,ForLoadedField,data/processed/prompts/hublike_modularization/byte-buddy/net_bytebuddy_description_field_FieldDescription_ForLoadedField.txt,1293,0
google-java-format,Hublike Modularization,com.google.googlejavaformat.intellij,UiFormatterStyle,data/processed/prompts/hublike_modularization/google-java-format/com_google_googlejavaformat_intellij_UiFormatterStyle.txt,395,0
javaparser,Hublike Modularization,com.github.javaparser.symbolsolver.javassistmodel,JavassistEnumDeclaration,data/processed/prompts/hublike_modularization/javaparser/com_github_javaparser_symbolsolver_javassistmodel_JavassistEnumDeclaration.txt,1682,0
commons-lang,Hublike Modularization,org.apache.commons.lang3.time,GmtTimeZone,data/processed/prompts/hublike_modularization/commons-lang/org_apache_commons_lang3_time_GmtTimeZone.txt,315,0
zxing,Hublike Modularization,com.google.zxing,LuminanceSource,data/processed/prompts/hublike_modularization/zxing/com_google_zxing_LuminanceSource.txt,1053,0
javaparser,Hublike Modularization,com.github.javaparser.ast.nodeTypes.modifiers,NodeWithProtectedModifier,data/processed/prompts/hublike_modularization/javaparser/com_github_javaparser_ast_nodeTypes_modifiers_NodeWithProtectedModifier.txt,253,0
javaparser,Hublike Modularization,japa.bdd.samples.JavaConcepts,Enum,data/processed/prompts/hublike_modularization/javaparser/japa_bdd_samples_JavaConcepts_Enum.txt,248,0
byte-buddy,Hublike Modularization,net.bytebuddy.dynamic.ClassFileLocator,Filtering,data/processed/prompts/hublike_modularization/byte-buddy/net_bytebuddy_dynamic_ClassFileLocator_Filtering.txt,582,0
byte-buddy,Hublike Modularization,net.bytebuddy.asm.MemberSubstitution,Write,data/processed/prompts/hublike_modularization/byte-buddy/net_bytebuddy_asm_MemberSubstitution_Write.txt,955,0
byte-buddy,Hublike Modularization,net.bytebuddy.build.RenamingPlugin,Renaming,data/processed/prompts/hublike_modularization/byte-buddy/net_bytebuddy_build_RenamingPlugin_Renaming.txt,447,0
byte-buddy,Hublike Modularization,net.bytebuddy.implementation.FieldAccessor,TerminationHandler,data/processed/prompts/hublike_modularization/byte-buddy/net_bytebuddy_implementation_FieldAccessor_TerminationHandler.txt,701,0
byte-buddy,Hublike Modularization,net.bytebuddy.pool.TypePool,LazySuperClass,data/processed/prompts/hublike_modularization/byte-buddy/net_bytebuddy_pool_TypePool_LazySuperClass.txt,249,0
javaparser,Hublike Modularization,com.github.javaparser.printer.lexicalpreservation,TextElementMatchers,data/processed/prompts/hublike_modularization/javaparser/com_github_javaparser_printer_lexicalpreservation_TextElementMatchers.txt,850,0
javaparser,Hublike Modularization,com.github.javaparser,Position,data/processed/prompts/hublike_modularization/javaparser/com_github_javaparser_Position.txt,1629,0
javaparser,Hublike Modularization,com.github.javaparser.ast.nodeTypes,NodeWithTypeParameters,data/processed/prompts/hublike_modularization/javaparser/com_github_javaparser_ast_nodeTypes_NodeWithTypeParameters.txt,1194,0
byte-buddy,Hublike Modularization,net.bytebuddy.dynamic.DynamicType,TypeVariableAnnotationAdapter,data/processed/prompts/hublike_modularization/byte-buddy/net_bytebuddy_dynamic_DynamicType_TypeVariableAnnotationAdapter.txt,665,0
commons-io,Hublike Modularization,org.apache.commons.io,RandomAccessFileMode,data/processed/prompts/hublike_modularization/commons-io/org_apache_commons_io_RandomAccessFileMode.txt,840,0
javaparser,Hublike Modularization,com.github.javaparser.symbolsolver.resolution.typeinference.bounds,SubtypeOfBound,data/processed/prompts/hublike_modularization/javaparser/com_github_javaparser_symbolsolver_resolution_typeinference_bounds_SubtypeOfBound.txt,1578,0
javaparser,Hublike Modularization,(default package),InnerClassDotExpressions,data/processed/prompts/hublike_modularization/javaparser/(default package)_InnerClassDotExpressions.txt,245,0
google-java-format,Hublike Modularization,com.google.googlejavaformat.java,GoogleJavaFormatTool,data/processed/prompts/hublike_modularization/google-java-format/com_google_googlejavaformat_java_GoogleJavaFormatTool.txt,249,0
javaparser,Hublike Modularization,com.github.javaparser.metamodel,BaseNodeMetaModel,data/processed/prompts/hublike_modularization/javaparser/com_github_javaparser_metamodel_BaseNodeMetaModel.txt,4041,0
byte-buddy,Hublike Modularization,net.bytebuddy.dynamic.scaffold.TypeWriter,WithActiveRecord,data/processed/prompts/hublike_modularization/byte-buddy/net_bytebuddy_dynamic_scaffold_TypeWriter_WithActiveRecord.txt,826,0
javaparser,Hublike Modularization,com.github.javaparser.symbolsolver.reflectionmodel,ReflectionEnumConstantDeclaration,data/processed/prompts/hublike_modularization/javaparser/com_github_javaparser_symbolsolver_reflectionmodel_ReflectionEnumConstantDeclaration.txt,871,0
jsoup,Hublike Modularization,org.jsoup,UnsupportedMimeTypeException,data/processed/prompts/hublike_modularization/jsoup/org_jsoup_UnsupportedMimeTypeException.txt,245,0
byte-buddy,Hublike Modularization,net.bytebuddy.implementation.auxiliary.TypeProxy,InvocationFactory,data/processed/prompts/hublike_modularization/byte-buddy/net_bytebuddy_implementation_auxiliary_TypeProxy_InvocationFactory.txt,905,0
byte-buddy,Hublike Modularization,net.bytebuddy.implementation.HashCodeMethod,UsingJump,data/processed/prompts/hublike_modularization/byte-buddy/net_bytebuddy_implementation_HashCodeMethod_UsingJump.txt,1385,0
byte-buddy,Hublike Modularization,net.bytebuddy.build.Plugin,ForRetainedElement,data/processed/prompts/hublike_modularization/byte-buddy/net_bytebuddy_build_Plugin_ForRetainedElement.txt,248,0
byte-buddy,Hublike Modularization,net.bytebuddy.dynamic.scaffold.TypeWriter,SignatureKey,data/processed/prompts/hublike_modularization/byte-buddy/net_bytebuddy_dynamic_scaffold_TypeWriter_SignatureKey.txt,250,0
commons-lang,Hublike Modularization,org.apache.commons.lang3.time,AbstractFormatCache,data/processed/prompts/hublike_modularization/commons-lang/org_apache_commons_lang3_time_AbstractFormatCache.txt,492,0
byte-buddy,Hublike Modularization,net.bytebuddy.ByteBuddy,InitializationAppender,data/processed/prompts/hublike_modularization/byte-buddy/net_bytebuddy_ByteBuddy_InitializationAppender.txt,477,0
javaparser,Hublike Modularization,com.github.javaparser.printer.lexicalpreservation.ReshuffledDiffElementExtractor,MatchClassification,data/processed/prompts/hublike_modularization/javaparser/com_github_javaparser_printer_lexicalpreservation_ReshuffledDiffElementExtractor_MatchClassification.txt,459,0
byte-buddy,Hublike Modularization,net.bytebuddy.build.maven.ByteBuddyMojo,Coordinate,data/processed/prompts/hublike_modularization/byte-buddy/net_bytebuddy_build_maven_ByteBuddyMojo_Coordinate.txt,458,0
byte-buddy,Hublike Modularization,net.bytebuddy.implementation.Implementation,WithFixedSuffix,data/processed/prompts/hublike_modularization/byte-buddy/net_bytebuddy_implementation_Implementation_WithFixedSuffix.txt,489,0
jitwatch,Hublike Modularization,org.adoptopenjdk.jitwatch.model,PackageManager,data/processed/prompts/hublike_modularization/jitwatch/org_adoptopenjdk_jitwatch_model_PackageManager.txt,2514,0
byte-buddy,Hublike Modularization,org.gradle.api.file,DirectoryProperty,data/processed/prompts/hublike_modularization/byte-buddy/org_gradle_api_file_DirectoryProperty.txt,337,0
jitwatch,Hublike Modularization,org.adoptopenjdk.jitwatch.inline,HeadlessInlineVisitor,data/processed/prompts/hublike_modularization/jitwatch/org_adoptopenjdk_jitwatch_inline_HeadlessInlineVisitor.txt,1024,0
byte-buddy,Hublike Modularization,net.bytebuddy.dynamic.loading.ClassLoadingStrategy,ForBootstrapInjection,data/processed/prompts/hublike_modularization/byte-buddy/net_bytebuddy_dynamic_loading_ClassLoadingStrategy_ForBootstrapInjection.txt,608,0
commons-io,Hublike Modularization,org.apache.commons.io.comparator,CompositeFileComparator,data/processed/prompts/hublike_modularization/commons-io/org_apache_commons_io_comparator_CompositeFileComparator.txt,248,0
commons-lang,Hublike Modularization,org.apache.commons.lang3.function,FailableDoubleConsumer,data/processed/prompts/hublike_modularization/commons-lang/org_apache_commons_lang3_function_FailableDoubleConsumer.txt,511,0
jitwatch,Hublike Modularization,(default package),TrivialMethod,data/processed/prompts/hublike_modularization/jitwatch/(default package)_TrivialMethod.txt,244,0
byte-buddy,Hublike Modularization,net.bytebuddy.description.method.ParameterList,TypeSubstituting,data/processed/prompts/hublike_modularization/byte-buddy/net_bytebuddy_description_method_ParameterList_TypeSubstituting.txt,1491,0
byte-buddy,Hublike Modularization,net.bytebuddy.utility.dispatcher.JavaDispatcher,ForUnresolvedMethod,data/processed/prompts/hublike_modularization/byte-buddy/net_bytebuddy_utility_dispatcher_JavaDispatcher_ForUnresolvedMethod.txt,565,0
byte-buddy,Hublike Modularization,net.bytebuddy.build.maven.ByteBuddyMojo,ForProductionTypes,data/processed/prompts/hublike_modularization/byte-buddy/net_bytebuddy_build_maven_ByteBuddyMojo_ForProductionTypes.txt,251,0
zxing,Hublike Modularization,com.google.zxing.common,HybridBinarizer,data/processed/prompts/hublike_modularization/zxing/com_google_zxing_common_HybridBinarizer.txt,342,0
zxing,Hublike Modularization,com.google.zxing.oned,Code128Reader,data/processed/prompts/hublike_modularization/zxing/com_google_zxing_oned_Code128Reader.txt,734,0
byte-buddy,Hublike Modularization,net.bytebuddy.agent.builder.ResettableClassFileTransformer,Factory,data/processed/prompts/hublike_modularization/byte-buddy/net_bytebuddy_agent_builder_ResettableClassFileTransformer_Factory.txt,1070,0
javaparser,Hublike Modularization,com.github.javaparser.resolution.declarations,ResolvedRecordDeclaration,data/processed/prompts/hublike_modularization/javaparser/com_github_javaparser_resolution_declarations_ResolvedRecordDeclaration.txt,402,0
javaparser,Hublike Modularization,com.github.javaparser.metamodel,VariableDeclarationExprMetaModel,data/processed/prompts/hublike_modularization/javaparser/com_github_javaparser_metamodel_VariableDeclarationExprMetaModel.txt,2253,0
commons-lang,Hublike Modularization,org.apache.commons.lang3.time.FastDatePrinter,StringLiteral,data/processed/prompts/hublike_modularization/commons-lang/org_apache_commons_lang3_time_FastDatePrinter_StringLiteral.txt,577,0
javaparser,Hublike Modularization,com.github.javaparser.metamodel,SingleMemberAnnotationExprMetaModel,data/processed/prompts/hublike_modularization/javaparser/com_github_javaparser_metamodel_SingleMemberAnnotationExprMetaModel.txt,2244,0
byte-buddy,Hublike Modularization,net.bytebuddy.description.type.TypeDescription,LazyInterfaceList,data/processed/prompts/hublike_modularization/byte-buddy/net_bytebuddy_description_type_TypeDescription_LazyInterfaceList.txt,419,0
zxing,Hublike Modularization,com.google.zxing.multi,ByQuadrantReader,data/processed/prompts/hublike_modularization/zxing/com_google_zxing_multi_ByQuadrantReader.txt,538,0
jsoup,Hublike Modularization,org.jsoup.nodes.Attributes,Dataset,data/processed/prompts/hublike_modularization/jsoup/org_jsoup_nodes_Attributes_Dataset.txt,455,0
commons-io,Hublike Modularization,org.apache.commons.io.output,TaggedWriter,data/processed/prompts/hublike_modularization/commons-io/org_apache_commons_io_output_TaggedWriter.txt,287,0
zxing,Hublike Modularization,com.google.zxing.client.android.result.supplement,BookResultInfoRetriever,data/processed/prompts/hublike_modularization/zxing/com_google_zxing_client_android_result_supplement_BookResultInfoRetriever.txt,631,0
byte-buddy,Hublike Modularization,net.bytebuddy.description.modifier,MethodStrictness,data/processed/prompts/hublike_modularization/byte-buddy/net_bytebuddy_description_modifier_MethodStrictness.txt,761,0
